,,,,,,,"Lưu ý 
Phòng studio : Tối đa ở 2 người 2  xe, thêm người thứ 3 tuỳ căn
Phòng gác xép: tối đa ở 3 người , free 2 xe, từ xe thứ 3 thêm 80k. Thêm người thứ 4 tăng 500k giá phòng.
Phòng 2 ngủ hoặc 2 ngủ duplex: Tối đa 4 người , free 4 xe.Đối với các căn nhà xe trật,cần trao đổi trên nhóm.
Phòng 3 ngủ: Tối đa 5 người 5 xe.
",,,,,,,,,,,,,,,,,,,,
,,,,,,,,,,,,,,,,,,,,,,,,,,,
,,,,,,,,,,,,,,,,,,,,,,,,,,,
Ngày giờ cập nhật 01:20-18/07,,,,,,,,,,,,,,,,,,,,,,,,,,,
,,,,,,,,,,,,,,,,,,,,,,,,,,,
STT,Tòa,Phòng,Khu vực,"Hình ảnh,video",Loại phòng,Diện tích (m2),Giá (VND),"Dịch vụ theo căn
","Tình trạng
Trống",,Nội thất,,Số dẫn,,,,,,,,,,,,,,
,"Nhà Tập Thể Ngõ 68 Quan Nhân
",305,Cầu Giấy,"Hình ảnh, video","3 Ngủ 1 Khách
2 Vệ Sinh",104m2,"11,000,000 đ","Điện 3k3
Nước 25k
Free DV
Tối đa ở 6",Có khách,,Full đồ như ảnh,"Bảo Chấn
X9","0934686094
",,,,,,,,,,,,,,
,"Số 23. Đường 800A
Nghĩa Đô
Cầu Giấy",402,Cầu Giấy,https://drive.google.com/drive/folders/1L40lXPSxTuSO_sjwXaDkobZYmVJl8wDJ,2 Ngủ ,45,"9,300,000 đ","Điện 4k/số
Nước 32k/1 khối
mạng 100k/phòng
Dịch vụ khác: vệ sinh/điện chung, thang máy, rác 120.000/người
Không nuôi pet, tối đa ở 4, không xe điện, không người nước ngoài",Có khách,,Full đồ như ảnh,"Bảo Chấn
X9","0934686094
0967691507",,,,,,,,,,,,,,
,"Số 9 Ngách 39
 Ngõ 381 Nguyễn Khang",203,Cầu Giấy,"Hình ảnh, video","2 Ngủ 1 khách
",45,"9,000,000 đ","Điện 3800k/1 số
Nước 32.000/1 khối
Mạng 100k/phòng
Rác 25k/người
Thang máy 50k/người
Vệ sinh chung, điện hành lang: 30k/người
",Có khách,,Full đồ như ảnh,"Bảo Chấn
X9","0934686094
",,,,,,,,,,,,,,
,235A Yên Hoà,201,Cầu Giấy,https://drive.google.com/drive/u/0/folders/1GCOJ466FJyvoURti8Sj_O1x3omL3gIIR,Studio,26,"5,300,000 đ","Điện 4k/số
Nước 32k/1 khối
mạng 80k/phòng
Dịch vụ khác: vệ sinh/điện chung, thang máy, rác 200.000/phòng",31/07,"Giặt sấy tầng 1,
 có thể phơi đồ sân thượng T7",Full đồ như ảnh,Bảo Chấn,0934686094,,,,,,,,,,,,,,
1,số 23 Đường 800A Nghĩa Đô,201,Cầu Giấy,video ib,Studio,28,"6,000,000 đ","Điện 4k/số
Nước 32k/1 khối
mạng 100k/phòng
Dịch vụ khác: vệ sinh/điện chung, thang máy, rác 120.000/người",trống,,Full đồ như ảnh,Bảo Chấn,0934686094,,,,,,,,,,,,,,
2,số 23 Đường 800A Nghĩa Đô,702,Cầu Giấy,"Hình ảnh, video",2 Ngủ 1 khách,40,"9,000,000 đ","Điện 4k/số
Nước 32k/1 khối
mạng 100k/phòng
Dịch vụ khác: vệ sinh/điện chung, thang máy, rác 120.000/người
Không nuôi chó, tối đa ở 4, không xe điện, không người nước ngoài",trống,,Full đồ như ảnh,Bảo Chấn,0934686094,,,,,,,,,,,,,,
,"Số 9 Ngách 39
 Ngõ 381 Nguyễn Khang",204,Cầu Giấy,"Hình ảnh, video",2 Ngủ,45,"9,000,000 đ","Điện 4k/số
Nước 32k/1 khối
mạng 100k/phòng
Dịch vụ khác: vệ sinh/điện chung, thang máy, rác 120.000/người
Không nuôi chó, tối đa ở 4, không xe điện, không người nước ngoài",31/07,,Full đồ như ảnh,Bảo Chấn,0934686094,,,,,,,,,,,,,,
,số 73 Ngõ 37 Nguyễn Thị Định,601,Cầu Giấy,chưa có ảnh,"Studio
",24,"6,000,000 đ","Điện 4k/số
Nước 32k/1 khối
mạng 100k/phòng
Dịch vụ khác: vệ sinh/điện chung, thang máy, rác 120.000/người
Không nuôi chó, tối đa ở 4, không xe điện, không người nước ngoài",31/07,,Full đồ như ảnh,Bảo Chấn,0934686094,,,,,,,,,,,,,,
,"Số 23. Đường 800A
Nghĩa Đô
Cầu Giấy",205,Cầu Giấy,"Hình ảnh, video",Studio,32m2,"6,300,000","Điện 4k/số
Nước 32k/1 khối
mạng 100k/phòng
Dịch vụ khác: vệ sinh/điện chung, thang máy, rác 120.000/người
Không nuôi chó, tối đa ở 4, không xe điện, không người nước ngoài",Có khách,,Full đồ như ảnh,Bảo Chấn,0934686094,,,,,,,,,,,,,,
4,"Số 48 
ngõ 79 mễ trì thượng",202,Nam Từ Liêm,https://drive.google.com/drive/u/0/folders/1rAonwjfwd7vM-qyxly1S6Wq4Hhl-jf_V,1 NGỦ+ GÁC XÉP,25+6 GÁC,"4,500,000 đ",,Có khách,,Full đồ như ảnh,Bảo Chấn,0934686094,,,,,,,,,,,,,,
4,"Số 48 
ngõ 79 mễ trì thượng",601,Nam Từ Liêm,"Hình ảnh,video",1 NGỦ+ GÁC XÉP,25+6 GÁC,"4,500,000 đ","""Điện 4k/số
Nước 32k/1 khối
mạng 80k/phòng
Dịch vụ khác: vệ sinh/điện chung, thang máy, rác 200k/ phòng
",Có khách,,Full đồ như ảnh,Bảo Chấn,0934686094,,,,,,,,,,,,,,
,,,,,,,,,,,,,,,,,,,,,,,,,,,
,,,,,,,,,,,,,,,,,,,,,,,,,,,
,"Số 48 Ngách 70/2 
ngo 29  Khương Hạ",301,Thanh Xuân,"Hình ảnh,video",1 NGỦ+GÁC XÉP,25+ 6 Gác,"4,600,000 đ","20.988253,105.814655",Có khách,,,,,,,,,,,,,,,,,,
3,"Số 48 Ngách 70/2 
ngo 29  Khương Hạ",502,Thanh Xuân,"Hình ảnh,video",1 NGỦ+GÁC XÉP,25+ 6 Gác,"4,600,000 đ","20.988253,105.814655",Có khách,,Full đồ như ảnh,Bảo Chấn,0934686094,,,,,,,,,,,,,,
,"Số 48 Ngách 70/2 
ngo 29  Khương Hạ",602,Thanh Xuân,"Hình ảnh,video",1 NGỦ+GÁC XÉP,25+ 6 Gác,"4,600,000 đ","20.988253,105.814655",Có khách,,,Bảo Chấn,0934686094,,,,,,,,,,,,,,
,"Số 48 Ngách 70/2 
ngo 29  Khương Hạ",303,Thanh Xuân,"Hình ảnh,video",1 NGỦ+GÁC XÉP,25+ 6 Gác,"4,600,000 đ","""Dịch vụ 280k/1 phòng
Mạng:80k/phòng
Dịch vụ chung: 200k/1 phòng
(Thang máy, Thu rác, gửi xe, điện chung, free 2 xe).
Xe thứ 3: 80k"". Điện 4k nước 32k",Có khách,,Full đồ như ảnh,Bảo Chấn,0934686094,,,,,,,,,,,,,,
3,"Số 7 
Ngách 70
Ngõ 29 Khương Hạ",506,Thanh Xuân,https://drive.google.com/drive/u/0/folders/1ie2s-Kbjrcx3B3b1lWESEWOWGE1sfxZU,Phòng Gác xép,"Sàn 26
Gác 8","5,200,000 đ",,Có khách,,Full đồ như ảnh,,,,,,,,,,,,,,,,
2,"""Số 2
Ngách 70
Ngõ 29 
Khương Hạ""",402,Thanh Xuân,"Hình ảnh,video",1 NGỦ+GÁC XÉP,26+ 6 Gác,"4,600,000 đ",,Có khách,,Full đồ như ảnh,,,,,,,,,,,,,,,,
*,"Số 48
Ngách 70
Ngõ 29
Khương Hạ",201,Thanh Xuân,"Hình ảnh,video","2 Ngủ
1 Khách",37m,"7,000,000 đ",,Có khách￼,,Full đồ,,,,,,,,,,,,,,,,
,,,,,,,,,,,,,,,,,,,,,,,,,,,
6,,,,,,,,,,,,,,,,,,,,,,,,,,,
6,,,,,,,,,,,,,,,,,,,,,,,,,,,
1,,,,,,,,,,,,,,,,,,,,,,,,,,,
,,,,,,,,,,,,,,,,,,,,,,,,,,,
2,,,,,,,,,,,,,,,,,,,,,,,,,,,
4,,,,,,,,,,,,,,,,,,,,,,,,,,,
5,,,,,,,,,,,,,,,,,,,,,,,,,,,
6,,,,,,,,,,,,,,,,,,,,,,,,,,,
3,,,,,,,,,,,,,,,,,,,,,,,,,,,
7,,,,,,,,,,,,,,,,,,,,,,,,,,,
7,,,,,,,,,,,,,,,,,,,,,,,,,,,
,,,,,,,,,,,,,,,,,,,,,,,,,,,
5,,,,,,,,,,,,,,,,,,,,,,,,,,,
9,,,,,,,,,,,,,,,,,,,,,,,,,,,
9,,,,,,,,,,,,,,,,,,,,,,,,,,,
,,,,,,,,,,,,,,,,,,,,,,,,,,,
,,,,,,,,,,,,,,,,,,,,,,,,,,,
,,,,,,,,,,,,,,,,,,,,,,,,,,,
,,,,,,,,,,,,,,,,,,,,,,,,,,,
,,,,,,,,,,,,,,,,,,,,,,,,,,,
,,,,,,,,,,,,,,,,,,,,,,,,,,,
,"Số 71 
Ngõ 52 Quan Nhân",203,Thanh Xuân,"Link ảnh,video",Phòng Gác xép,"Sàn 24
Gác 8","6,500,000 đ","Tặng 1000k chuyển vào
Free tiền phòng đến hết m5 tết",Có khách,,Full đồ như ảnh,Tùng,0357992605,,,,,,,,,,,,,,
,"Số 71 
Ngõ 52 Quan Nhân",201,Thanh Xuân,"Link ảnh,video",1 NGỦ+GÁC XÉP,"Sàn 24
Gác 8","5,000,000 đ",,Có khách,,Full đồ như ảnh,Bảo Chấn,0934686094,,,,,,,,,,,,,,
,"Số 71 
Ngõ 52 Quan Nhân",702,Thanh Xuân,https://drive.google.com/drive/u/0/folders/1M5aje-FGOT-zYmRXAQA9eW_vxNuWjWMV,1 Ngủ 1 Khách,Sàn 38,"6,500,000 đ",,Có khách,,,,,,,,,,,,,,,,,,
,"Số 71 
Ngõ 52 Quan Nhân",702,Thanh Xuân,https://drive.google.com/drive/u/0/folders/1M5aje-FGOT-zYmRXAQA9eW_vxNuWjWMV,1 Ngủ 1 Khách,"Sàn 26
Gác 8","6,700,000 đ","""Điện 4k/số
Nước 32k/1 khối
mạng 80k/phòng
Dịch vụ khác: vệ sinh/điện chung, thang máy, rác 200k/phòng",Có khách,,Full đồ như ảnh,Bảo Chấn,0934686094,,,,,,,,,,,,,,
,"Số 71 
Ngõ 52 Quan Nhân",501,Thanh Xuân,"Link ảnh,video",Phòng Gác xép,"Sàn 26
Gác 8","5,600,000 đ","Điện 4k/số
Nước 32k/1 khối
mạng 80k/phòng
Dịch vụ khác: vệ sinh/điện chung, thang máy, rác 200.000/phòng",12/08,,Full đồ như ảnh,Bảo Chấn,0934686094,,,,,,,,,,,,,,
1,"Số 71 
Ngõ 52 Quan Nhân",303,Thanh Xuân,"Link ảnh,video",Phòng Gác xép,"Sàn 26
Gác 8","5,500,000 đ",,Có khách,,Full đồ như ảnh,Bảo Chấn,0934686094,,,,,,,,,,,,,,
2,"Số 71 
Ngõ 52 Quan Nhân",701,Thanh Xuân,"Link ảnh,video",1 Ngủ 1 Khách,32,"6,700,000 đ",,Có khách,,Full đồ như ảnh,Bảo Chấn,0934686094,,,,,,,,,,,,,,
,"Số 48 Ngách 70/2 
ngo 29  Khương Hạ",202,Thanh Xuân,"Link ảnh,video",Studio,25,"4,500,000 đ",Tặng 1000k chuyển vào,Có khách,,Full đồ như ảnh,Bảo Chấn,,,,,,,,,,,,,,,
16,"Số 48 Ngách 70/2 
ngo 29  Khương Hạ",202,Thanh Xuân,"Link ảnh,video",Studio,25,"4,000,000 đ",Tặng 1000k chuyển vào,có khách,,Full đồ như ảnh,,,,,,,,,,,,,,,,
17,"Số 48 Ngách 70/2 
ngo 29  Khương Hạ",203,Thanh Xuân,"Link ảnh,video",Studio,25,"4,000,000 đ",Tặng 1000k chuyển vào,có khách,,Full đồ như ảnh,Bảo Chấn,,,,,,,,,,,,,,,
4,"Số 48 Ngách 70/2 
ngo 29  Khương Hạ",203,Thanh Xuân,"Hình ảnh, video",Studio,25,"3,800,000 đ",,Có khách,,Full đồ như ảnh,,,,,,,,,,,,,,,,
5,"Số 48 Ngách 70/2 
ngo 29  Khương Hạ",402,Thanh Xuân,"Hình ảnh, video",Studio,25,"4,600,000 đ",Tặng 1000k chuyển vào,07/02,,Full đồ như ảnh,Bảo Chấn,0934686094,,,,,,,,,,,,,,
10,"Số 48 Ngách 70/2 
ngo 29  Khương Hạ",304,Thanh Xuân,"Hình ảnh, video",Studio,25,"4,300,000 đ",,Có khách,,Full đồ như ảnh,Bảo Chấn,0934686094,,,,,,,,,,,,,,
12,"Số 48 Ngách 70/2 
ngo 29  Khương Hạ",703,Thanh Xuân,"Hình ảnh, video",Studio,25,"4,600,000 đ",,Có khách,,Full đồ như ảnh,Bảo Chấn,0934686094,,,,,,,,,,,,,,
22,"Số 48 Ngách 70/2 
ngo 29  Khương Hạ",403,Thanh Xuân,"Link ảnh,video",Studio,25,"4,400,000 đ",Tặng 1000k chuyển vào,Có khách,,Full đồ như ảnh,Bảo Chấn,,,,,,,,,,,,,,,
5,"Số 48 Ngách 70/2 
ngo 29  Khương Hạ",201,Thanh Xuân,"Link ảnh,video",2 ngủ 1 khách,45,"7,500,000 đ",,Có khách,,Full đồ như ảnh,Bảo Chấn,0934686094,,,,,,,,,,,,,,
6,"Số 48 Hẻm 2
Ngách 70 Ngõ 29 
Khương Hạ",403,Thanh Xuân,"Hình ảnh,video",1 NGỦ+GÁC XÉP,27+ 6 Gác,"4,500,000 đ",,Có khách,,Full đồ như ảnh,,,,,,,,,,,,,,,,
,"Số 48 Ngách 70/2 
ngo 29  Khương Hạ",401,Thanh Xuân,"Hình ảnh,video",1 NGỦ+GÁC XÉP,27+ 6 Gác,"4,500,000 đ",Miễn phí tiền nhà đến 10/04,Có khách,,Full đồ như ảnh,,,,,,,,,,,,,,,,
,"Số 48 Ngách 70/2 
ngo 29  Khương Hạ",604,Thanh Xuân,"Hình ảnh,video",1 NGỦ+GÁC XÉP,27+ 6 Gác,"4,700,000 đ",Tặng 500k chuyển vào,Có khách,,Full đồ như ảnh,Bảo Chấn,,,,,,,,,,,,,,,
,"Số 48 Ngách 70/2 
ngo 29  Khương Hạ",201,Thanh Xuân,"Hình ảnh,video",2 NGỦ,40,"8,000,000 đ",Tặng 1000k chuyển vào,có khách,,Full đồ như ảnh,Bảo Chấn,,,,,,,,,,,,,,,
17,"Số 7 
Ngách 70
Ngõ 29 Khương Hạ",203,Thanh Xuân,"Link ảnh,video",Phòng Gác xép,"Sàn 26
Gác 8","4,500,000 đ",Tặng 1000k chuyển vào,Có khách,,Full đồ như ảnh,Bảo Chấn,,,,,,,,,,,,,,,
,"Số 7 
Ngách 70
Ngõ 29 Khương Hạ",204,Thanh Xuân,"Link ảnh,video",Phòng Gác xép,"Sàn 26
Gác 8","4,500,000 đ",Tặng 1000k chuyển vào,có khách,,Full đồ như ảnh,Bảo Chấn,0934686094,,,,,,,,,,,,,,
12,"Số 7 
Ngách 70
Ngõ 29 Khương Hạ",205,Thanh Xuân,"Link ảnh,video",Phòng Gác xép,"Sàn 26
Gác 8","4,600,000 đ",,Có khách,,Full đồ như ảnh,Bảo Chấn,0934686094,,,,,,,,,,,,,,
13,"Số 7 
Ngách 70
Ngõ 29 Khương Hạ",305,Thanh Xuân,"Link ảnh,video",Phòng Gác xép,"Sàn 26
Gác 8","4,600,000 đ",,Có khách,,Full đồ như ảnh,Bảo Chấn,0934686094,,,,,,,,,,,,,,
,"Số 7 
Ngách 70
Ngõ 29 Khương Hạ",304,Thanh Xuân,"Link ảnh,video",Phòng Gác xép,"Sàn 26
Gác 8","4,600,000 đ",Tặng 1000k chuyển vào,Có khách,,Full đồ như ảnh,Bảo Chấn,0934686094,,,,,,,,,,,,,,
10,"Số 7 
Ngách 70
Ngõ 29 Khương Hạ",406,,,,,,,Có khách,,,Bảo Chấn,0934686094,,,,,,,,,,,,,,
,"Số 7 
Ngách 70
Ngõ 29 Khương Hạ",505,Thanh Xuân,"Link ảnh,video",Phòng Gác xép,"Sàn 26
Gác 8","4,800,000 đ",Tặng 1000k chuyển vào,Có khách,,Full đồ như ảnh,Bảo Chấn,0934686094,,,,,,,,,,,,,,
17,"Số 7 
Ngách 70
Ngõ 29 Khương Hạ",605,Thanh Xuân,"Link ảnh,video",Phòng Gác xép,"Sàn 26
Gác 8","5,000,000 đ",Tặng 1000k chuyển vào,Có khách,,Full đồ như ảnh,Bảo Chấn,,,,,,,,,,,,,,,
29,"Số 7 
Ngách 70
Ngõ 29 Khương Hạ",603,Thanh Xuân,"Link ảnh,video",Phòng Gác xép,"Sàn 26
Gác 8","4,600,000 đ",Tặng 1000k chuyển vào,Có khách,,Full đồ như ảnh,Bảo Chấn,,,,,,,,,,,,,,,
14,"Số 7 
Ngách 70
Ngõ 29 Khương Hạ",601,Thanh Xuân,"Link ảnh,video",Phòng Gác xép,"Sàn 26
Gác 8","6,000,000 đ",,Có khách,,Full đồ như ảnh,Bảo Chấn,0934686094,,,,,,,,,,,,,,
15,"Số 7 
Ngách 70
Ngõ 29 Khương Hạ",202,Thanh Xuân,"Link ảnh,video",Phòng Gác xép,"Sàn 26
Gác 8","5,500,000 đ",,Có khách,,Full đồ như ảnh,Bảo Chấn,0934686094,,,,,,,,,,,,,,
26,"Số 7 
Ngách 70
Ngõ 29 Khương Hạ",703,Thanh Xuân,"Link ảnh,video",Phòng Gác xép,"Sàn 26
Gác 8","4,800,000 đ",Tặng 1000k chuyển vào,có khách,,Full đồ như ảnh,Bảo Chấn,,,,,,,,,,,,,,,
4,"Số 7 
Ngách 70
Ngõ 29 Khương Hạ",602,Thanh Xuân,"Link ảnh,video",Phòng Gác xép,"Sàn 32
Gác 8","6,300,000 đ",,Có khách,,Full đồ như ảnh,,,,,,,,,,,,,,,,
4,"Số 8  Ngách 56
Ngõ 63 
Trần Quốc Vượng (2)",301,Cầu Giấy,"Hình ảnh, video","1 Ngủ
1 Gác Xép","Sàn 26
Gác 8,4","5,200,000 đ","21.033563,105.785572",Có khách,,Full đồ như ảnh,T6,,,,,,,,,,,,,,,
2,"Số 8  Ngách 56
Ngõ 63 
Trần Quốc Vượng",603,Cầu Giấy,"Hình ảnh, video","1 Ngủ
1 Gác Xép","Sàn 26
Gác 8,4","5,000,000 đ","21.033563,105.785572",Có khách,,Full đồ như ảnh,,,,,,,,,,,,,,,,
4,"Số 7 
Ngách 70
Ngõ 29 Khương Hạ",204,Thanh Xuân,https://drive.google.com/drive/u/0/folders/1ie2s-Kbjrcx3B3b1lWESEWOWGE1sfxZU,Phòng Gác xép,"Sàn 26
Gác 8","5,000,000 đ",Tặng 2tr kí hđ trước 15/05,Có khách,,"Nệm, tủ quần áo, điều hòa, nóng lạnh, tủ lạnh, tủ bếp, bếp từ, hút mùi, sofa, máy giặt , rèm,giàn phơi",,,,,,,,,,,,,,,,
,"Số 7 
Ngách 70
Ngõ 29 Khương Hạ",204,Thanh Xuân,https://drive.google.com/drive/u/0/folders/1ie2s-Kbjrcx3B3b1lWESEWOWGE1sfxZU,Phòng Gác xép,"Sàn 26
Gác 8","5,000,000 đ",Tặng 1000k chuyển vào,có khách,,Full đồ như ảnh,Bảo Chấn,,,,,,,,,,,,,,,
,"Số 7 
Ngách 70
Ngõ 29 Khương Hạ",306,Thanh Xuân,https://drive.google.com/drive/u/0/folders/1ie2s-Kbjrcx3B3b1lWESEWOWGE1sfxZU,Phòng Gác xép,"Sàn 26
Gác 8","5,000,000 đ",Tặng 1000k chuyển vào,Có khách,,Full đồ như ảnh,Bảo Chấn,,,,,,,,,,,,,,,
,"Số 7 
Ngách 70
Ngõ 29 Khương Hạ",503,Thanh Xuân,https://drive.google.com/drive/u/0/folders/1ie2s-Kbjrcx3B3b1lWESEWOWGE1sfxZU,Phòng Gác xép,"Sàn 26
Gác 8","5,000,000 đ",Tặng 1000k chuyển vào,Có khách,,Full đồ như ảnh,,,,,,,,,,,,,,,,
,"Số 7 
Ngách 70
Ngõ 29 Khương Hạ",402,Thanh Xuân,https://drive.google.com/drive/u/0/folders/1ie2s-Kbjrcx3B3b1lWESEWOWGE1sfxZU,Phòng Gác xép,"Sàn 28
Gác 8","6,000,000 đ",Tặng 500k chuyển vào,Có khách,,Full đồ như ảnh,Bảo Chấn,,,,,,,,,,,,,,,
7,"Số 52
Ngõ 173
 Hoàng Hoa Thám",308,Ba Đình,"Hình ảnh,video",1 NGỦ+GÁC XÉP,25,"4,800,000 đ",,Có khách,,Full đồ như ảnh,,,,,,,,,,,,,,,,
12,"Số 52
Ngõ 173
 Hoàng Hoa Thám",306,Ba Đình,"Hình ảnh,video",1 Ngủ + 1 Gác,26,"4,400,000 đ",Tặng 500k chuyển vào,Có khách,,Full đồ như ảnh,Thịnh,0981074306,,,,,,,,,,,,,,
8,"Số 52
Ngõ 173
 Hoàng Hoa Thám",405,Ba Đình,"Hình ảnh,video",1 Ngủ + 1 Gác,26,"4,500,000 đ",,Có khách,,Full đồ như ảnh,,0934686094,,,,,,,,,,,,,,
9,"Số 52
Ngõ 173
 Hoàng Hoa Thám",205,Ba Đình,"Hình ảnh,video",1 Ngủ + 1 Gác,26,"4,800,000 đ",,Có khách,,Full đồ như ảnh,Thịnh,0981074306,,,,,,,,,,,,,,
1,"Số 52
Ngõ 173
 Hoàng Hoa Thám",301,Ba Đình,https://drive.google.com/drive/u/0/folders/154QQvYAQTLUgZfR-RGAQ0ZsF2ObJt1-j,1 Ngủ + 1 Gác,20+6 gác,"4,500,000 đ","""Điện 4k/số
Nước 32k/1 khối
mạng 80k/phòng
Dịch vụ khác: vệ sinh/điện chung, thang máy, rác 200k/ phòng
",Có khách,,Full đồ như ảnh,Bảo Chấn,0934686094,,,,,,,,,,,,,,
6,"Số 52
Ngõ 173
 Hoàng Hoa Thám",401,Ba Đình,https://drive.google.com/drive/u/0/folders/154QQvYAQTLUgZfR-RGAQ0ZsF2ObJt1-j,1 Ngủ + 1 Gác,20+6 gác,"4,300,000 đ",,Có khách,,Full đồ như ảnh,Bảo Chấn,0934686094,,,,,,,,,,,,,,
,"Số 52
Ngõ 173
 Hoàng Hoa Thám",206,Ba Đình,chưa có ảnh,1 Ngủ + 1 khách,40,"8,000,000 đ","Điện 4k/số
Nước 32k/1 khối
mạng 80k/phòng
Dịch vụ khác: vệ sinh/điện chung, thang máy, rác 200.000/phòng",trống,,Full đồ như ảnh,Bảo Chấn,0934686094,,,,,,,,,,,,,,
,"Số 52
Ngõ 173
 Hoàng Hoa Thám",302,Ba Đình,https://drive.google.com/drive/u/0/folders/1bwU-Sg8iDe1XYhZ0g4WzaZKjzZ5BdfYF,1 Ngủ + 1 Gác,28,"4,500,000 đ","Điện 4k/số
Nước 32k/1 khối
mạng 80k/phòng
Dịch vụ khác: vệ sinh/điện chung, thang máy, rác 200.000/phòng",trống,,Full đồ như ảnh,Bảo Chấn,0934686094,,,,,,,,,,,,,,
,"Số 52
Ngõ 173
 Hoàng Hoa Thám",407,Ba Đình,https://drive.google.com/drive/u/0/folders/1bwU-Sg8iDe1XYhZ0g4WzaZKjzZ5BdfYF,1 Ngủ + 1 Gác,28,"4,700,000 đ","Điện 4k/số
Nước 32k/1 khối
mạng 80k/phòng
Dịch vụ khác: vệ sinh/điện chung, thang máy, rác 200.000/phòng",31/07,,Full đồ như ảnh,Bảo Chấn,0934686094,,,,,,,,,,,,,,
12,"Số 52
Ngõ 173
 Hoàng Hoa Thám",402,Ba Đình,"Hình ảnh,video",1 Ngủ + 1 Gác,26,"4,600,000 đ",,Có khách,,Full đồ như ảnh,Thịnh,0981074306,,,,,,,,,,,,,,
12,"Số 52
Ngõ 173
 Hoàng Hoa Thám",304,Ba Đình,,1 Ngủ + 1 Gác,26,"4,400,000 đ",Tặng CTV 300k khi chốt,Có khách,,Full đồ như ảnh,Thịnh,0981074306,,,,,,,,,,,,,,
13,"Số 52
Ngõ 173
 Hoàng Hoa Thám",308,Ba Đình,"Hình ảnh,video",1 Ngủ + 1 Gác,26,"4,700,000 đ",,Có khách,,Full đồ như ảnh,Bảo Chấn,0934686094,,,,,,,,,,,,,,
14,"Số 52
Ngõ 173
 Hoàng Hoa Thám",203,Ba Đình,"Hình ảnh,video",1 Ngủ + 1 Gác,26,"4,400,000 đ","Điện 4k/số
Nước 32k/1 khối
mạng 80k/phòng
Dịch vụ khác: vệ sinh/điện chung, thang máy, rác 200.000/phòng",Có khách,,Full đồ như ảnh,Bảo Chấn,0934686094,,,,,,,,,,,,,,
,"Số 52
Ngõ 173
 Hoàng Hoa Thám",307,Ba Đình,https://drive.google.com/drive/u/0/folders/1bwU-Sg8iDe1XYhZ0g4WzaZKjzZ5BdfYF,1 Ngủ + 1 Gác,26,"4,600,000 đ","Điện 4k/số
Nước 32k/1 khối
mạng 80k/phòng
Dịch vụ khác: vệ sinh/điện chung, thang máy, rác 200.000/phòng",Có khách,,Full đồ như ảnh,Bảo Chấn,0934686094,,,,,,,,,,,,,,
,"Số 52
Ngõ 173
 Hoàng Hoa Thám",801,Ba Đình,https://drive.google.com/drive/folders/1Q_Q7zZZS67NXuC8xsxfzmTjRAVZRQF3g,"2 Ngủ 1 khách
",70,"13,000,000 đ","Điện 4k/số
Nước 32k/1 khối
mạng 80k/phòng
Dịch vụ khác: vệ sinh/điện chung, thang máy, rác 200.000/phòng",Có khách,,Full đồ như ảnh,Bảo Chấn,0934686094,,,,,,,,,,,,,,
,"Số 52
Ngõ 173
 Hoàng Hoa Thám",405,Ba Đình,"Hình ảnh,video",1 Ngủ + 1 Gác,26,"4,600,000 đ",,Có khách,,Full đồ như ảnh,Bảo Chấn,0934686094,,,,,,,,,,,,,,
17,"Số 52
Ngõ 173
 Hoàng Hoa Thám",706,Ba Đình,"Hình ảnh,video",1 Ngủ + 1 Gác,26,"4,800,000 đ",Tặng 500k chuyển vào,Có khách,,Full đồ như ảnh,Thịnh,0981074306,,,,,,,,,,,,,,
37,"Số 52
Ngõ 173
 Hoàng Hoa Thám",406,Ba Đình,"Hình ảnh,video",1 Ngủ + 1 Gác,26,"4,400,000 đ",Tặng 1000k chuyển vào,Có khách,,Full đồ như ảnh,Thịnh,,,,,,,,,,,,,,,
38,"Số 52
Ngõ 173
 Hoàng Hoa Thám",606,Ba Đình,"Hình ảnh,video",1 Ngủ + 1 Gác,26,"4,600,000 đ",Tặng 1000k chuyển vào,Có khách,,Full đồ như ảnh,Thịnh,,,,,,,,,,,,,,,
35,"Số 52
Ngõ 173
 Hoàng Hoa Thám",706,Ba Đình,"Hình ảnh,video",1 Ngủ + 1 Gác,26,"4,600,000 đ",Tặng 1000k chuyển vào,Có khách,,Full đồ như ảnh,,,,,,,,,,,,,,,,
36,"Số 52
Ngõ 173
 Hoàng Hoa Thám",301,Ba Đình,"Hình ảnh,video",1 Ngủ + 1 Gác,23,"4,000,000 đ",Tặng 1000k chuyển vào,Có khách,,Full đồ như ảnh,Thịnh,,,,,,,,,,,,,,,
37,"Số 52
Ngõ 173
 Hoàng Hoa Thám",501,Ba Đình,"Hình ảnh,video",1 Ngủ + 1 Gác,23,"4,000,000 đ",Tặng 1000k chuyển vào,Có khách,,Full đồ như ảnh,Thịnh,,,,,,,,,,,,,,,
6,"Số 52
Ngõ 173
 Hoàng Hoa Thám",606,Ba Đình,"Hình ảnh,video",1 NGỦ+GÁC XÉP,25,"4,800,000 đ",,Có khách,,Full đồ như ảnh,,,,,,,,,,,,,,,,
,"Số 52
Ngõ 173
 Hoàng Hoa Thám",407,Ba Đình,"Hình ảnh,video",1 Ngủ + 1 Gác,30,"5,000,000 đ",Tặng 500k chuyển vào,Có khách,,Full đồ như ảnh,,,,,,,,,,,,,,,,
,"Số 52
Ngõ 173
 Hoàng Hoa Thám",205,Ba Đình,https://drive.google.com/drive/u/0/mobile/folders/1V-i8X7AuXtXdDkUsKu5VIcaMolsF3Ctv/1o5R_0rjtyI1Asu6pd5O1CWdF-NavXW3U/1bw_6LUnkGe9NhRdnKJE0QlBVVfK07niM?sort=13&direction=a,1 Ngủ + 1 Gác,23,"4,800,000 đ",Tặng 500k chuyển vào,Có khách,,Full đồ như ảnh,Bảo Chấn,,,,,,,,,,,,,,,
,"Số 52
Ngõ 173
 Hoàng Hoa Thám",305,Ba Đình,https://drive.google.com/drive/u/0/mobile/folders/1V-i8X7AuXtXdDkUsKu5VIcaMolsF3Ctv/1o5R_0rjtyI1Asu6pd5O1CWdF-NavXW3U/1bw_6LUnkGe9NhRdnKJE0QlBVVfK07niM?sort=13&direction=a,1 Ngủ + 1 Gác,23,"4,500,000 đ",Tặng 500k chuyển vào,Có khách,,Full đồ như ảnh,,,,,,,,,,,,,,,,
,"Số 52
Ngõ 173
 Hoàng Hoa Thám",302,Ba Đình,https://drive.google.com/drive/u/0/mobile/folders/1V-i8X7AuXtXdDkUsKu5VIcaMolsF3Ctv/1o5R_0rjtyI1Asu6pd5O1CWdF-NavXW3U/1bw_6LUnkGe9NhRdnKJE0QlBVVfK07niM?sort=13&direction=a,1 Ngủ + 1 Gác,23,"4,500,000 đ",Tặng 500k chuyển vào,Có khách,,Full đồ như ảnh,,,,,,,,,,,,,,,,
,"Số 52
Ngõ 173
 Hoàng Hoa Thám",402,Ba Đình,https://drive.google.com/drive/u/0/mobile/folders/1V-i8X7AuXtXdDkUsKu5VIcaMolsF3Ctv/1o5R_0rjtyI1Asu6pd5O1CWdF-NavXW3U/1bw_6LUnkGe9NhRdnKJE0QlBVVfK07niM?sort=13&direction=a,1 Ngủ + 1 Gác,24+6 gác,"4,600,000 đ","""Điện 4k/số
Nước 32k/1 khối
mạng 80k/phòng
Dịch vụ khác: vệ sinh/điện chung, thang máy, rác 200k/phòng",Có khách,,Full đồ như ảnh,Bảo Chấn,0934686094,,,,,,,,,,,,,,
,"Số 52
Ngõ 173
 Hoàng Hoa Thám",404,Ba Đình,https://drive.google.com/drive/u/0/folders/1kPdpfHb1irMUvn9mbpPWn3GV1COhWShl?sort=13&direction=a,1 Ngủ + 1 Gác,24+6 gác,"4,500,000 đ","""Điện 4k/số
Nước 32k/1 khối
mạng 80k/phòng
Dịch vụ khác: vệ sinh/điện chung, thang máy, rác 200k/phòng",Có khách,,Full đồ như ảnh,Bảo Chấn,0934686094,,,,,,,,,,,,,,
,"Số 52
Ngõ 173
 Hoàng Hoa Thám",501,Ba Đình,https://drive.google.com/drive/folders/154QQvYAQTLUgZfR-RGAQ0ZsF2ObJt1-j,1 Ngủ + 1 Gác,20+6 gác,"4,500,000 đ","""Điện 4k/số
Nước 32k/1 khối
mạng 80k/phòng
Dịch vụ khác: vệ sinh/điện chung, thang máy, rác 200k/phòng
Không nuôi pet, tối đa ở 3,nhận xe điện, không người nước ngoài""",Có khách,,Full đồ như ảnh,Bảo Chấn,0934686094,,,,,,,,,,,,,,
,"Số 52
Ngõ 173
 Hoàng Hoa Thám",205,Ba Đình,https://drive.google.com/drive/u/0/folders/1Nx5lsYvAdtx7UjIVhzvPvQHlAesYMzAQ?sort=13&direction=a,1 Ngủ + 1 Gác,22+6 gác,"4,600,000 đ","""Điện 4k/số
Nước 32k/1 khối
mạng 80k/phòng
Dịch vụ khác: vệ sinh/điện chung, thang máy, rác 200k/phòng
Không nuôi pet, tối đa ở 4, không xe điện, không người nước ngoài""",có khách,,Full đồ như ảnh,Bảo Chấn,0934686094,,,,,,,,,,,,,,
,"Số 52
Ngõ 173
 Hoàng Hoa Thám",602,Ba Đình,https://drive.google.com/drive/folders/1ZcFuG2WNMuxoNEX-8rl0_gYX1Zj0ybxv,1 Ngủ + 1 Gác,24+6 gác,"4,500,000 đ","""Điện 4k/số
Nước 32k/1 khối
mạng 80k/phòng
Dịch vụ khác: vệ sinh/điện chung, thang máy, rác 200k/phòng
Không nuôi pet, tối đa ở 4, không xe điện, không người nước ngoài""",Có khách,,Full đồ như ảnh,Bảo Chấn,0934686094,,,,,,,,,,,,,,
,"Số 52
Ngõ 173
 Hoàng Hoa Thám",407,Ba Đình,https://drive.google.com/drive/folders/1bwU-Sg8iDe1XYhZ0g4WzaZKjzZ5BdfYF,1 Ngủ + 1 Gác,24+6 gác,"4,600,000 đ","""Điện 4k/số
Nước 32k/1 khối
mạng 80k/phòng
Dịch vụ khác: vệ sinh/điện chung, thang máy, rác 200k/phòng
Không nuôi pet, tối đa ở 4, không xe điện, không người nước ngoài""",Có khách,,Full đồ như ảnh,Bảo Chấn,0934686094,,,,,,,,,,,,,,
,"Số 52
Ngõ 173
 Hoàng Hoa Thám",603,Ba Đình,https://drive.google.com/drive/folders/1bw_6LUnkGe9NhRdnKJE0QlBVVfK07niM,1 Ngủ + 1 Gác,24+6 gác,"4,300,000 đ","""Điện 4k/số
Nước 32k/1 khối
mạng 80k/phòng
Dịch vụ khác: vệ sinh/điện chung, thang máy, rác 200k/phòng
Không nuôi pet, tối đa ở 4, không xe điện, không người nước ngoài""",có khách,,Full đồ như ảnh,Bảo Chấn,0934686094,,,,,,,,,,,,,,
,"Số 52
Ngõ 173
 Hoàng Hoa Thám",605,Ba Đình,605,1 Ngủ + 1 Gác,24+6 gác,"4,500,000 đ","""Điện 4k/số
Nước 32k/1 khối
mạng 80k/phòng
Dịch vụ khác: vệ sinh/điện chung, thang máy, rác 200k/phòng
Không nuôi pet, tối đa ở 4, không xe điện, không người nước ngoài""",có khách,,Full đồ như ảnh,Bảo Chấn,,,,,,,,,,,,,,,
,"Số 52
Ngõ 173
 Hoàng Hoa Thám",506,Ba Đình,,1 Ngủ + 1 Gác,23,"4,700,000 đ",Tặng 500k chuyển vào,Có khách,,Full đồ như ảnh,,,,,,,,,,,,,,,,
6,"Số 52
Ngõ 173
 Hoàng Hoa Thám",603,Ba Đình,https://drive.google.com/drive/u/0/mobile/folders/1V-i8X7AuXtXdDkUsKu5VIcaMolsF3Ctv/1o5R_0rjtyI1Asu6pd5O1CWdF-NavXW3U/1bw_6LUnkGe9NhRdnKJE0QlBVVfK07niM?sort=13&direction=a,1 Ngủ + 1 Gác,23,"4,500,000 đ",,Có khách,,Full đồ như ảnh,Bảo Chấn,0934686094,,,,,,,,,,,,,,
,"Số 52
Ngõ 173
 Hoàng Hoa Thám",505,Ba Đình,https://drive.google.com/drive/u/0/mobile/folders/1V-i8X7AuXtXdDkUsKu5VIcaMolsF3Ctv/1o5R_0rjtyI1Asu6pd5O1CWdF-NavXW3U/1bw_6LUnkGe9NhRdnKJE0QlBVVfK07niM?sort=13&direction=a,1 Ngủ + 1 Gác,23,"4,800,000 đ",Tặng 1000k chuyển vào,Có khách,,Full đồ như ảnh,,,,,,,,,,,,,,,,
,"Số 52
Ngõ 173
 Hoàng Hoa Thám",702,Ba Đình,"Hình ảnh,video",1 Ngủ + 1 Gác,23,"4,800,000 đ",Tặng 1000k chuyển vào,Có khách,,Full đồ như ảnh,,,,,,,,,,,,,,,,
1,"Số 52
Ngõ 173
 Hoàng Hoa Thám",702,Ba Đình,"Hình ảnh,video",1 NGỦ+GÁC XÉP,25,"4,600,000 đ",,Có khách,,"Đệm, tủ quần áo , điều hòa, nóng lạnh, tủ lạnh, tủ bếp,bàn ăn hút mùi, bồn rửa bát, sofa, máy giặt ",,,,,,,,,,,,,,,,
7,"Số 52
Ngõ 173
 Hoàng Hoa Thám",204,Ba Đình,"Hình ảnh,video",1 NGỦ+GÁC XÉP,"23 m2
6m gác","4,200,000 đ",,Có khách,,Full đồ như ảnh,,,,,,,,,,,,,,,,
8,"Số 52
Ngõ 173
 Hoàng Hoa Thám",706,Ba Đình,"Hình ảnh,video",1 NGỦ+GÁC XÉP,"28m2
7m gác","5,600,000 đ",,Có khách￼,,Full đồ như ảnh,,,,,,,,,,,,,,,,
,"Số 7 
Ngách 70
Ngõ 29 Khương Hạ",303,Thanh Xuân,https://drive.google.com/drive/u/0/folders/1ie2s-Kbjrcx3B3b1lWESEWOWGE1sfxZU,Phòng Gác xép,"Sàn 26
Gác 8","4,700,000 đ",,Có khách,,"Nệm, tủ quần áo, điều hòa, nóng lạnh, tủ lạnh, tủ bếp, bếp từ, hút mùi, sofa, máy giặt , rèm,giàn phơi",,,,,,,,,,,,,,,,
,"Số 7 
Ngách 70
Ngõ 29 Khương Hạ",403,Thanh Xuân,https://drive.google.com/drive/u/0/folders/1ie2s-Kbjrcx3B3b1lWESEWOWGE1sfxZU,Phòng Gác xép,"Sàn 26
Gác 8","4,700,000 đ",,Có khách,,"Nệm, tủ quần áo, điều hòa, nóng lạnh, tủ lạnh, tủ bếp, bếp từ, hút mùi, sofa, máy giặt , rèm,giàn phơi",T6,,,,,,,,,,,,,,,
3,"Số 7 
Ngách 70
Ngõ 29 Khương Hạ",303,Thanh Xuân,https://drive.google.com/drive/u/0/folders/1ie2s-Kbjrcx3B3b1lWESEWOWGE1sfxZU,Phòng Gác xép,"Sàn 26
Gác 8","5,200,000 đ",Tặng 2tr kí hđ trước 15/05,Có khách￼,,"Nệm, tủ quần áo, điều hòa, nóng lạnh, tủ lạnh, tủ bếp, bếp từ, hút mùi, sofa, máy giặt , rèm,giàn phơi",,,,,,,,,,,,,,,,
,"Số 7 
Ngách 70
Ngõ 29 Khương Hạ",503,Thanh Xuân,https://drive.google.com/drive/u/0/folders/1ie2s-Kbjrcx3B3b1lWESEWOWGE1sfxZU,Phòng Gác xép,"Sàn 26
Gác 8","5,200,000 đ",Tặng 2tr kí hđ trước 30/4,Có khách,,"Nệm, tủ quần áo, điều hòa, nóng lạnh, tủ lạnh, tủ bếp, bếp từ, hút mùi, sofa, máy giặt , rèm,giàn phơi",,,,,,,,,,,,,,,,
,"Số 10 
Ngách 61 
Ngõ 88 Giáp Nhị",403,Hoàng Mai,https://drive.google.com/drive/folders/12L9orUrlOJRcVPJpSkSIUKZzAhPq19yP,1 NGỦ+GÁC XÉP,22+6 gác,"4,300,000 đ","Điện 4k/số
Nước 32k/1 khối
mạng 80k/phòng
Dịch vụ khác: vệ sinh/điện chung, 
thang máy, rác 200.000/phòng",Có khách,,Full đồ như ảnh,Bảo Chấn,0934686094,,,,,,,,,,,,,,
,"Số 10 
Ngách 61 
Ngõ 88 Giáp Nhị",503,Hoàng Mai,https://drive.google.com/drive/folders/12L9orUrlOJRcVPJpSkSIUKZzAhPq19yP,1 NGỦ+GÁC XÉP,22+6 gác,"4,300,000 đ","Điện 4k/số
Nước 32k/1 khối
mạng 80k/phòng
Dịch vụ khác: vệ sinh/điện chung, 
thang máy, rác 200.000/phòng",Có khách,,Full đồ như ảnh,Bảo Chấn,0934686094,,,,,,,,,,,,,,
,"Số 10 
Ngách 61 
Ngõ 88 Giáp Nhị",303,Hoàng Mai,"Ảnh, video",1 NGỦ+GÁC XÉP,22+6 gác,"3,800,000 đ",Free tiền nhà đến m10/06,Có khách,,Full đồ như ảnh,"Bảo Chấn
X9","0934686094
",,,,,,,,,,,,,,
9,"Số 11 ngách 11
ngõ 146 
Vương Thừa Vũ",403,Thanh Xuân,https://drive.google.com/drive/u/0/folders/1Fq2LPhOH9WZXg7fml87025tzma39XbIb,1 NGỦ+GÁC XÉP,"Sàn 26
Gác 8","5,400,000 đ","""Điện 4k/số
Nước 32k/1 khối
mạng 80k/phòng
Dịch vụ khác: vệ sinh/điện chung, thang máy, rác 200k/phòng
Không nuôi pet, tối đa ở 4, không xe điện, không người nước ngoài""",Có khách,,Full đồ như ảnh,Bảo Chấn,0934686094,,,,,,,,,,,,,,
,"Số 11 ngách 11
ngõ 146 
Vương Thừa Vũ",702,Thanh Xuân,https://drive.google.com/drive/u/0/folders/1WcIhEXQ2WxBkQ2xgYzIXw9Ta-2jk2wGM,1 Khách 1 Ngủ,36m,"6,500,000 đ","""Điện 4k/số
Nước 32k/1 khối
mạng 80k/phòng
Dịch vụ khác: vệ sinh/điện chung, thang máy, rác 200k/phòng
Không nuôi pet, tối đa ở 4, không xe điện, không người nước ngoài""",Có khách,,Full đồ như ảnh,Bảo Chấn,0934686094,,,,,,,,,,,,,,
,"Số 10 
Ngách 61 
Ngõ 88 Giáp Nhị",301,Hoàng Mai,"Hình ảnh,video",1 NGỦ+GÁC XÉP,"Sàn 26
Gác 8","4,600,000 đ",,Có khách,,Full đồ như ảnh,"Bảo Chấn
X9","0934686094
0967691507",,,,,,,,,,,,,,
,"Số 10 
Ngách 61 
Ngõ 88 Giáp Nhị",307,Hoàng Mai,"Ảnh, video",1 NGỦ+GÁC XÉP,24+6 gác,"4,600,000 đ",Tặng 1000k chuyển vào,Có khách,,Full đồ như ảnh,"Bảo Chấn
X9","0934686094
",,,,,,,,,,,,,,
,"Số 10 
Ngách 61 
Ngõ 88 Giáp Nhị",508,Hoàng Mai,"Ảnh, video",1 NGỦ+GÁC XÉP,24+6 gác,"4,600,000 đ",Free tiền nhà đến m10/06,Có khách,,Full đồ như ảnh,"Bảo Chấn
X9","0934686094
",,,,,,,,,,,,,,
,"Số 10 
Ngách 61 
Ngõ 88 Giáp Nhị",502,Hoàng Mai,"Ảnh, video",1 NGỦ+GÁC XÉP,26+6 gác,"4,700,000 đ","""Điện 4k/số
Nước 32k/1 khối
mạng 80k/phòng
Dịch vụ khác: vệ sinh/điện chung, thang máy, rác 200k/phòng
Không nuôi pet, tối đa ở 4, không xe điện, không người nước ngoài""",31/10,,Full đồ như ảnh,"Bảo Chấn
","0934686094
0967691507",,,,,,,,,,,,,,
,"Số 10 
Ngách 61 
Ngõ 88 Giáp Nhị",204-306( fix),Hoàng Mai,https://drive.google.com/drive/folders/12L9orUrlOJRcVPJpSkSIUKZzAhPq19yP,1 NGỦ+GÁC XÉP,20+6 gác,"4,300,000 đ","""Điện 4k/số
Nước 32k/1 khối
mạng 80k/phòng
Dịch vụ khác: vệ sinh/điện chung, thang máy, rác 200k/phòng
",Trống,,Full đồ như ảnh,"Bảo Chấn
",0934686094,,,,,,,,,,,,,,
,"Số 10 
Ngách 61 
Ngõ 88 Giáp Nhị",304,Hoàng Mai,"Ảnh, video",1 NGỦ+GÁC XÉP,22+6 gác,"4,000,000 đ","""Điện 4k/số
Nước 32k/1 khối
mạng 80k/phòng
Dịch vụ khác: vệ sinh/điện chung, thang máy, rác 200k/phòng
Không nuôi pet, tối đa ở 4, không xe điện, không người nước ngoài""",Có khách,,Full đồ như ảnh,"Bảo Chấn
X9","0934686094
0967691507",,,,,,,,,,,,,,
,"Số 10 
Ngách 61 
Ngõ 88 Giáp Nhị",604,Hoàng Mai,"Ảnh, video",1 NGỦ+GÁC XÉP,22+6 gác,"3,800,000 đ",Free tiền nhà đến m10/06,Có khách,,Full đồ như ảnh,"Bảo Chấn
X9","0934686094
0967691507",,,,,,,,,,,,,,
,"Số 10 
Ngách 61 
Ngõ 88 Giáp Nhị",406,Hoàng Mai,"Ảnh, video",1 NGỦ+GÁC XÉP,22+6 gác,"3,800,000 đ",Tặng 1000k chuyển vào,Có khách,,Full đồ như ảnh,"Bảo Chấn
X9","0934686094
0967691507",,,,,,,,,,,,,,
4,"Số 24 
ngõ 106 Cầu Giấy",602,Cầu Giấy,"Hình ảnh, video",1 NGỦ+GÁC XÉP,30+9 GÁC,"5,000,000 đ",Miễn phí tiền nhà đến 15/04,Có khách,,Full đồ như ảnh,Thịnh,0981074306,Căn đối tác,,,,,,,,,,,,,
,"Số 10 
Ngách 61 
Ngõ 88 Giáp Nhị",703,Hoàng Mai,https://drive.google.com/drive/folders/12L9orUrlOJRcVPJpSkSIUKZzAhPq19yP,1 NGỦ+GÁC XÉP,22+6 gác,"4,300,000 đ",,Có khách,,Full đồ như ảnh,Bảo Chấn,0934686094,,,,,,,,,,,,,,
,"Số 10 
Ngách 61 
Ngõ 88 Giáp Nhị",703,Hoàng Mai,https://drive.google.com/drive/folders/12L9orUrlOJRcVPJpSkSIUKZzAhPq19yP,1 NGỦ+GÁC XÉP,22+6 gác,"4,300,000 đ",,Có khách,,,,,,,,,,,,,,,,,,
,"Số 52
Ngõ 173
 Hoàng Hoa Thám",401,Ba Đình,https://drive.google.com/drive/u/0/folders/154QQvYAQTLUgZfR-RGAQ0ZsF2ObJt1-j?sort=13&direction=a,1 Ngủ + 1 Gác,23,"4,000,000 đ",,Có khách,,Full đồ như ảnh,Bảo Chấn,0934686094,Căn đối tác,,,,,,,,,,,,,
,"Số 10 
Ngách 61 
Ngõ 88 Giáp Nhị",408,Hoàng Mai,"Hình ảnh,video",1 NGỦ+GÁC XÉP,22+6 gác,"4,700,000 đ",,Có khách,,,,,,,,,,,,,,,,,,
6,"Số 8  Ngách 56
Ngõ 63 
Trần Quốc Vượng (2)",401,Cầu Giấy,"Hình ảnh, video","1 Ngủ
1 Gác Xép","Sàn 26
Gác 8,4","5,500,000 đ","21.033563,105.785572",Có khách,,"Nệm, tủ quần áo, điều hòa, nóng lạnh, tủ lạnh, tủ bếp, bếp từ, hút mùi, sofa, máy giặt , rèm,giàn phơi",,,,,,,,,,,,,,,,
12,"Số 10 
ngõ 118 
Vương Thừa Vũ",305,Thanh Xuân,"Hình ảnh,video",Gác xép,26+7m gác,"5,500,000 đ",,Có khách,,"Đệm, tủ quần áo, điều hòa, nóng lạnh, tủ bếp, bàn làm việc,bàn ăn hút mùi, bồn rửa bát, sofa,máy giặt ",,,,,,,,,,,,,,,,
,"Số 10 
Ngách 61 
Ngõ 88 Giáp Nhị",702,Hoàng Mai,"Hình ảnh,video",1 NGỦ+GÁC XÉP,28,"4,800,000 đ",,Có khách,,"Đệm, tủ quần áo , điều hòa, nóng lạnh, tủ bếp,bàn ăn hút mùi, bồn rửa bát, sofa, máy giặt ",,,,,,,,,,,,,,,,
19,"Số 10 
Ngách 61 
Ngõ 88 Giáp Nhị",307,Hoàng Mai,"Hình ảnh,video",1 NGỦ+GÁC XÉP,26,"4,800,000 đ",,Có khách,,Full đồ như ảnh,Bảo Chấn,0934686094,,,,,,,,,,,,,,
,"Số 52
Ngõ 173
 Hoàng Hoa Thám",403,Ba Đình,"Hình ảnh,video",1 NGỦ+GÁC XÉP,"25
7","4,300,000 đ",,Có khách,,Full đồ như ảnh,Bảo Chấn,0934686094,,,,,,,,,,,,,,
,"Số 52
Ngõ 173
 Hoàng Hoa Thám",704,Ba Đình,"Hình ảnh,video",1 NGỦ+GÁC XÉP,"25
7","4,500,000 đ",,Có khách,,Full đồ như ảnh,Bảo Chấn,0934686094,Căn đối tác,,,,,,,,,,,,,
4,"Số 10 
Ngách 61 
Ngõ 88 Giáp Nhị",504,Hoàng Mai,"Hình ảnh,video",1 NGỦ+GÁC XÉP,23,"4,300,000 đ",,Có khách,,Full đồ như ảnh,Bảo Chấn,0934686094,,,,,,,,,,,,,,
1,"Số 10 
Ngách 61 
Ngõ 88 Giáp Nhị",701,Hoàng Mai,"Hình ảnh,video",1 NGỦ+GÁC XÉP,26,"4,700,000 đ",,Có khách,,Full đồ như ảnh,Bảo Chấn,0934686094,,,,,,,,,,,,,,
2,"Số 10 
Ngách 61 
Ngõ 88 Giáp Nhị",505,Hoàng Mai,"Hình ảnh,video",1 NGỦ+GÁC XÉP,23,"4,500,000 đ",,18/10,,Full đồ như ảnh,Bảo Chấn,0934686094,,,,,,,,,,,,,,
19,"Số 10 
Ngách 61 
Ngõ 88 Giáp Nhị",508,Hoàng Mai,"Hình ảnh,video",1 NGỦ+GÁC XÉP,26,"4,800,000 đ",,Có khách,,Full đồ như ảnh,Bảo Chấn,0934686094,,,,,,,,,,,,,,
,"Số 10 
Ngách 61 
Ngõ 88 Giáp Nhị",502,Hoàng Mai,"Hình ảnh,video",1 NGỦ+GÁC XÉP,28,"4,500,000 đ",Free tiền nhà đến m10/06,Có khách,,Full đồ như ảnh,"Bảo Chấn
X9","0934686094
0967691507",,,,,,,,,,,,,,
,"Số 10 
Ngách 61 
Ngõ 88 Giáp Nhị",502,Hoàng Mai,"Hình ảnh,video",1 NGỦ+GÁC XÉP,28,"4,500,000 đ",Free tiền nhà đến m10/05,Có khách,,Full đồ như ảnh,"Bảo Chấn
X9","0934686094
0967691507",,,,,,,,,,,,,,
,"Số 10 
Ngách 61 
Ngõ 88 Giáp Nhị",701,Hoàng Mai,"Hình ảnh,video",1 NGỦ+GÁC XÉP,28,"4,500,000 đ",Free tiền nhà đến m10/05,Có khách,,Full đồ như ảnh,"Bảo Chấn
X9","0934686094
0967691507",,,,,,,,,,,,,,
7,"Số 10 
Ngách 61 
Ngõ 88 Giáp Nhị",204,Hoàng Mai,"Hình ảnh,video",1 NGỦ+GÁC XÉP,22+6 gác,"4,000,000 đ","Tặng khách 1000k chuyển vào
",Có khách,,Full đồ như ảnh,Bảo Chấn,0934686094,,,,,,,,,,,,,,
,"Số 10 
Ngách 61 
Ngõ 88 Giáp Nhị",502,Hoàng Mai,"Hình ảnh,video",1 NGỦ+GÁC XÉP,22+6 gác,"4,600,000 đ",,Có khách,,,,,,,,,,,,,,,,,,
,"Số 10 
Ngách 61 
Ngõ 88 Giáp Nhị",704,Hoàng Mai,"Hình ảnh,video",1 NGỦ+GÁC XÉP,22+6 gác,"4,300,000 đ","Tặng khách 1000k chuyển vào
",Có khách,,Full đồ như ảnh,,0934686094,,,,,,,,,,,,,,
,"Số 10 
Ngách 61 
Ngõ 88 Giáp Nhị",602,Hoàng Mai,"Hình ảnh,video",1 NGỦ+GÁC XÉP,22+6 gác,"4,700,000 đ",,Có khách,,Full đồ như ảnh,,0934686094,,,,,,,,,,,,,,
,"Số 10 
Ngách 61 
Ngõ 88 Giáp Nhị",501,Hoàng Mai,"Hình ảnh,video",1 NGỦ+GÁC XÉP,22+6 gác,"4,600,000 đ","Tặng khách 1000k chuyển vào
",Có khách,,Full đồ như ảnh,,,,,,,,,,,,,,,,
,"Số 10 
Ngách 61 
Ngõ 88 Giáp Nhị",601,Hoàng Mai,"Hình ảnh,video",1 NGỦ+GÁC XÉP,22+6 gác,"4,600,000 đ","Tặng khách 1000k chuyển vào
",Có khách,,Full đồ như ảnh,,,,,,,,,,,,,,,,
,"Số 10 
Ngách 61 
Ngõ 88 Giáp Nhị",601,Hoàng Mai,"Hình ảnh,video",1 NGỦ+GÁC XÉP,22+6 gác,"4,600,000 đ","Tặng khách 1000k chuyển vào
",Có khách,,Full đồ như ảnh,,,,,,,,,,,,,,,,
9,"Số 10 
Ngách 61 
Ngõ 88 Giáp Nhị",601,Hoàng Mai,"Hình ảnh,video",1 NGỦ+GÁC XÉP,22+6 gác,"4,600,000 đ","Tặng khách 1000k chuyển vào
",Có khách,,Full đồ như ảnh,,,,,,,,,,,,,,,,
39,"Số 10 
Ngách 61 
Ngõ 88 Giáp Nhị",403,Hoàng Mai,"Hình ảnh,video",1 NGỦ+GÁC XÉP,22+6 gác,"4,500,000 đ",,Có khách,,Full đồ như ảnh,,0934686094,,,,,,,,,,,,,,
28,"Số 10 
Ngách 61 
Ngõ 88 Giáp Nhị",302,Hoàng Mai,"Hình ảnh,video",1 NGỦ+GÁC XÉP,22+6 gác,"4,500,000 đ","Tặng khách 1000k chuyển vào
Tặng CTV 300k khi chốt",Có khách,,Full đồ như ảnh,Bảo Chấn,,,,,,,,,,,,,,,
30,"Số 10 
Ngách 61 
Ngõ 88 Giáp Nhị",303,Hoàng Mai,"Hình ảnh,video",1 NGỦ+GÁC XÉP,22+6 gác,"4,300,000 đ",Tặng 1000k chuyển vào,Có khách,,Full đồ như ảnh,Bảo Chấn,,,,,,,,,,,,,,,
31,"Số 10 
Ngách 61 
Ngõ 88 Giáp Nhị",305,Hoàng Mai,"Hình ảnh,video",1 NGỦ+GÁC XÉP,22+6 gác,"4,000,000 đ","Tặng khách 1000k chuyển vào
Tặng CTV 300k khi chốt",Có khách,,Full đồ như ảnh,Bảo Chấn,,,,,,,,,,,,,,,
,"Số 48 
Ngõ 79 mễ trì thượng",404,Nam Từ Liêm,"Hình ảnh,video",1 NGỦ+ GÁC XÉP,24+6 GÁC,"4,500,000 đ","""Điện 4k/số
Nước 32k/1 khối
mạng 80k/phòng
Dịch vụ khác: vệ sinh/điện chung, thang máy, rác 200k/ phòng",Có khách,,Full đồ như ảnh,Bảo Chấn,0934686094,,,,,,,,,,,,,,
,318 Đê La Thành,601,Đống Đa,"Hình ảnh,video","Studio
",26m2,"6,500,000 đ","Điện 4k/số
Nước 32k/1 khối
mạng 100k/phòng
Dịch vụ khác: vệ sinh/điện chung, thang máy, rác 120.000/người
Không nuôi chó, tối đa ở 4, không xe điện, không người nước ngoài",,,Full đồ như ảnh,Bảo Chấn,0934686094,,,,,,,,,,,,,,
,45i Ngõ 235 Yên Hoà,401,Cầu Giấy,https://drive.google.com/drive/folders/1NheUrysrnigZZsATh5JXSThWb-zDwpNo,2 Ngủ,38m2,"8,500,000","Điện 4k/số
Nước 32k/1 khối
mạng 100k/phòng
Dịch vụ khác: vệ sinh/điện chung, thang máy, rác 120.000/người
Không nuôi chó, tối đa ở 4, không xe điện, không người nước ngoài",Có khách,,Full đồ như ảnh,Bảo Chấn,0934686094,,,,,,,,,,,,,,
40,"Số 10 
Ngách 61 
Ngõ 88 Giáp Nhị",201,Hoàng Mai,"Hình ảnh,video",1 NGỦ+GÁC XÉP,24+6 gác,"4,500,000 đ",,Có khách,,Full đồ như ảnh,Bảo Chấn,0934686094,,,,,,,,,,,,,,
2,"Số 10 
Ngách 61 
Ngõ 88 Giáp Nhị",306,Hoàng Mai,"Hình ảnh,video",1 NGỦ+GÁC XÉP,22+6 gác,"4,500,000 đ",,Có khách,,Full đồ như ảnh,Bảo Chấn,0934686094,,,,,,,,,,,,,,
,"Số 10 
Ngách 61 
Ngõ 88 Giáp Nhị",305,Hoàng Mai,"Hình ảnh,video",1 NGỦ+GÁC XÉP,22+6 gác,"3,800,000 đ","Tặng khách 1000k chuyển vào
Tặng CTV 300k khi chốt",Có khách,,Full đồ như ảnh,Bảo Chấn,0934686094,,,,,,,,,,,,,,
7,"Số 10 
Ngách 61 
Ngõ 88 Giáp Nhị",504,Hoàng Mai,"Hình ảnh,video",1 NGỦ+GÁC XÉP,22+6 gác,"4,400,000 đ",,Có khách,,Full đồ như ảnh,Bảo Chấn,0934686094,,,,,,,,,,,,,,
8,"Số 10 
Ngách 61 
Ngõ 88 Giáp Nhị",304,Hoàng Mai,"Hình ảnh,video",1 NGỦ+GÁC XÉP,22+6 gác,"4,300,000 đ",,Có khách,,Full đồ như ảnh,Bảo Chấn,0934686094,,,,,,,,,,,,,,
24,"Số 10 
Ngách 61 
Ngõ 88 Giáp Nhị",304,Hoàng Mai,"Hình ảnh,video",1 NGỦ+GÁC XÉP,22+6 gác,"3,800,000 đ","Tặng khách 1000k chuyển vào
Tặng CTV 300k khi chốt",Có khách,,Full đồ như ảnh,Bảo Chấn,,,,,,,,,,,,,,,
25,"Số 10 
Ngách 61 
Ngõ 88 Giáp Nhị",603,Hoàng Mai,"Hình ảnh,video",1 NGỦ+GÁC XÉP,22+6 gác,"3,800,000 đ","Tặng khách 1000k chuyển vào
Tặng CTV 300k khi chốt",Có khách,,Full đồ như ảnh,Bảo Chấn,,,,,,,,,,,,,,,
7,"Số 10 
Ngách 61 
Ngõ 88 Giáp Nhị",308,Hoàng Mai,"Hình ảnh,video",1 NGỦ+GÁC XÉP,22+6 gác,"4,700,000 đ",,Có khách,,Full đồ như ảnh,Bảo Chấn,0934686094,,,,,,,,,,,,,,
35,"Số 10 
Ngách 61 
Ngõ 88 Giáp Nhị",501,Hoàng Mai,"Hình ảnh,video",1 NGỦ+GÁC XÉP,22+6 gác,"4,500,000 đ","Tặng khách 1000k chuyển vào
Tặng CTV 300k khi chốt",Có khách,,Full đồ như ảnh,Bảo Chấn,,,,,,,,,,,,,,,
39,"Số 10 
Ngách 61 
Ngõ 88 Giáp Nhị",502,Hoàng Mai,"Hình ảnh,video",1 NGỦ+GÁC XÉP,22+6 gác,"4,500,000 đ","Tặng khách 1000k chuyển vào
Tặng CTV 300k khi chốt",Có khách,,Full đồ như ảnh,Bảo Chấn,,,,,,,,,,,,,,,
37,"Số 10 
Ngách 61 
Ngõ 88 Giáp Nhị",504,Hoàng Mai,"Hình ảnh,video",1 NGỦ+GÁC XÉP,22+6 gác,"4,000,000 đ","Tặng khách 1000k chuyển vào
Tặng CTV 300k khi chốt",Có khách,,Full đồ như ảnh,Bảo Chấn,,,,,,,,,,,,,,,
7,"Số 10 
Ngách 61 
Ngõ 88 Giáp Nhị",506,Hoàng Mai,"Hình ảnh,video",1 NGỦ+GÁC XÉP,22+6 gác,"4,000,000 đ",Tặng 1000k chuyển vào,Có khách,,Full đồ như ảnh,Bảo Chấn,0934686094,,,,,,,,,,,,,,
37,"Số 10 
Ngách 61 
Ngõ 88 Giáp Nhị",604,Hoàng Mai,"Hình ảnh,video",1 NGỦ+GÁC XÉP,22+6 gác,"4,000,000 đ","Tặng khách 1000k chuyển vào
Tặng CTV 300k khi chốt",Có khách,,Full đồ như ảnh,Bảo Chấn,,,,,,,,,,,,,,,
41,"Số 10 
Ngách 61 
Ngõ 88 Giáp Nhị",605,Hoàng Mai,"Hình ảnh,video",1 NGỦ+GÁC XÉP,22+6 gác,"4,000,000 đ","Tặng khách 1000k chuyển vào
Tặng CTV 300k khi chốt",Có khách,,Full đồ như ảnh,Bảo Chấn,,,,,,,,,,,,,,,
14,"Số 10 
Ngách 61 
Ngõ 88 Giáp Nhị",607,Hoàng Mai,"Hình ảnh,video",1 NGỦ+GÁC XÉP,22+6 gác,"4,700,000 đ",,Có khách,,Full đồ như ảnh,Bảo Chấn,0934686094,,,,,,,,,,,,,,
40,"Số 10 
Ngách 61 
Ngõ 88 Giáp Nhị",606,Hoàng Mai,"Hình ảnh,video",1 NGỦ+GÁC XÉP,22+6 gác,"4,000,000 đ","Tặng khách 1000k chuyển vào
Tặng CTV 300k khi chốt",Có khách,,Full đồ như ảnh,Bảo Chấn,,,,,,,,,,,,,,,
,"Số 10 
Ngách 61 
Ngõ 88 Giáp Nhị",702,Hoàng Mai,"Hình ảnh,video",1 NGỦ+GÁC XÉP,25+6 gác,"4,700,000 đ",Tặng 1000k chuyển vào,Có khách,,Full đồ như ảnh,,,,,,,,,,,,,,,,
7,"Số 10 
Ngách 61 
Ngõ 88 Giáp Nhị",501,Hoàng Mai,"Hình ảnh,video",1 NGỦ+GÁC XÉP,26+6 gác,"4,700,000 đ",,Có khách,,Full đồ như ảnh,,,,,,,,,,,,,,,,
9,"Số 7 
Ngách 70
Ngõ 29 Khương Hạ",602,Thanh Xuân,"Link ảnh,video",Phòng Gác xép,"Sàn 28
Gác 8","6,000,000 đ",,Có khách,,Full đồ như ảnh,,,,,,,,,,,,,,,,
10,"Số 7 
Ngách 70
Ngõ 29 Khương Hạ",404,Thanh Xuân,"Link ảnh,video",Phòng Gác xép,"Sàn 28
Gác 8","5,000,000 đ",,Có khách,,Full đồ như ảnh,,,,,,,,,,,,,,,,
11,"Số 7 
Ngách 70
Ngõ 29 Khương Hạ",506,Thanh Xuân,"Link ảnh,video",Phòng Gác xép,"Sàn 28
Gác 8","5,200,000 đ",,Có khách,,Full đồ như ảnh,,,,,,,,,,,,,,,,
12,"Số 10 
Ngách 61 
Ngõ 88 Giáp Nhị",202,Hoàng Mai,"Hình ảnh,video",1 NGỦ+GÁC XÉP,28,"4,700,000 đ",,Có khách,,Full đồ như ảnh,,,,,,,,,,,,,,,,
10,"Số 7 
Ngách 70
Ngõ 29 Khương Hạ",502,Thanh Xuân,"Link ảnh,video",Phòng Gác xép,"Sàn 30
Gác 8","6,000,000 đ",,Có khách,,Full đồ như ảnh,,,,,,,,,,,,,,,,
11,"Số 10 
Ngách 61 
Ngõ 88 Giáp Nhị",307,Hoàng Mai,"Hình ảnh,video",1 NGỦ+GÁC XÉP,28,"4,700,000 đ",,Có khách,,"Đệm, tủ quần áo , điều hòa, nóng lạnh, tủ bếp,bàn ăn hút mùi, bồn rửa bát, sofa, máy giặt ",T6,,,,,,,,,,,,,,,
12,"Số 10 
Ngách 61 
Ngõ 88 Giáp Nhị",406,Hoàng Mai,"Hình ảnh,video",1 NGỦ+GÁC XÉP,28,"4,500,000 đ",,Có khách,,"Đệm, tủ quần áo , điều hòa, nóng lạnh, tủ bếp,bàn ăn hút mùi, bồn rửa bát, sofa, máy giặt ",T6,,,,,,,,,,,,,,,
,"Số 9
 Ngõ 367 Nguyễn Khang",701( fix),Cầu Giấy,https://drive.google.com/drive/folders/1ZSQfanINrTQ8rjLeJgK4cCbdblNIMK7M,"Studio
",30,"5,500,000 đ","""Điện 4k/số
Nước 32k/1 khối
mạng 80k/phòng
Dịch vụ khác: vệ sinh/điện chung, thang máy, rác 200k/phòng
Không nuôi pet, tối đa ở 4, không xe điện, không người nước ngoài""",trống,,Full đồ như ảnh,Hoàng,037 6074862,,,,,,,,,,,,,,
,"Số 9
 Ngõ 367 Nguyễn Khang",704,Cầu Giấy,"Hình ảnh,video","Studio
",24,"4,400,000 đ",Miễn phí tiền nhà đến 15/04,Có khách,,Full đồ như ảnh,Thịnh,0981074306,Căn đối tác,,,,,,,,,,,,,
,"Số 9
 Ngõ 367 Nguyễn Khang",602,Cầu Giấy,"Hình ảnh,video","Studio
",24,"4,700,000 đ",,Có khách,,Full đồ như ảnh,Thịnh,0981074306,Căn đối tác,,,,,,,,,,,,,
1,,,,,,,,,,,,,,,,,,,,,,,,,,,
,,,,,,,,,,,,,,,,,,,,,,,,,,,
,,,,,,,,,,,,,,,,,,,,,,,,,,,
37,,,,,,,,,,,,,,,,,,,,,,,,,,,
,,,,,,,,,,,,,,,,,,,,,,,,,,,
2,,,,,,,,,,,,,,,,,,,,,,,,,,,
,"Số 11 ngách 11
ngõ 146 
Vương Thừa Vũ",702,Thanh Xuân,https://drive.google.com/drive/folders/1WcIhEXQ2WxBkQ2xgYzIXw9Ta-2jk2wGM,1 Ngủ 1 Khách,26+6 GÁC,"6,500,000 đ","""Điện 4k/số
Nước 32k/1 khối
mạng 80k/phòng
Dịch vụ khác: vệ sinh/điện chung, thang máy, rác 200k/phòng
Không nuôi pet, tối đa ở 4, không xe điện, không người nước ngoài""",31/07,,Full đồ như ảnh,"Bảo Chấn
",0934686094,,,,,,,,,,,,,,
,,,,,,,,,,,,,,,,,,,,,,,,,,,
,,,,,,,,,,,,,,,,,,,,,,,,,,,
,,,,,,,,,,,,,,,,,,,,,,,,,,,
42,,,,,,,,,,,,,,,,,,,,,,,,,,,
43,,,,,,,,,,,,,,,,,,,,,,,,,,,
40,,,,,,,,,,,,,,,,,,,,,,,,,,,
,,,,,,,,,,,,,,,,,,,,,,,,,,,
18,,,,,,,,,,,,,,,,,,,,,,,,,,,
21,,,,,,,,,,,,,,,,,,,,,,,,,,,
42,,,,,,,,,,,,,,,,,,,,,,,,,,,
16,,,,,,,,,,,,,,,,,,,,,,,,,,,
18,,,,,,,,,,,,,,,,,,,,,,,,,,,
18,,,,,,,,,,,,,,,,,,,,,,,,,,,
18,,,,,,,,,,,,,,,,,,,,,,,,,,,
16,,,,,,,,,,,,,,,,,,,,,,,,,,,
18,,,,,,,,,,,,,,,,,,,,,,,,,,,
21,,,,,,,,,,,,,,,,,,,,,,,,,,,
21,,,,,,,,,,,,,,,,,,,,,,,,,,,
22,,,,,,,,,,,,,,,,,,,,,,,,,,,
,,,,,,,,,,,,,,,,,,,,,,,,,,,
,,,,,,,,,,,,,,,,,,,,,,,,,,,
7,,,,,,,,,,,,,,,,,,,,,,,,,,,
4,,,,,,,,,,,,,,,,,,,,,,,,,,,
2,"Số 10 
Ngách 61 
Ngõ 88 Giáp Nhị",704,Hoàng Mai,"Hình ảnh,video",1 NGỦ+GÁC XÉP,25,"4,500,000 đ",,Có khách,,Full đồ như ảnh,,,,,,,,,,,,,,,,
14,"Số 10 
Ngách 61 
Ngõ 88 Giáp Nhị",308,Hoàng Mai,"Hình ảnh,video",1 NGỦ+GÁC XÉP,28,"4,700,000 đ",,Có khách,,Full đồ như ảnh,,,,,,,,,,,,,,,,
10,"Số 10 
Ngách 61 
Ngõ 88 Giáp Nhị",505,Hoàng Mai,"Hình ảnh,video",1 NGỦ+GÁC XÉP,24,"4,500,000 đ",,Có khách,,Full đồ như ảnh,,,,,,,,,,,,,,,,
,"Số 10 
Ngách 61 
Ngõ 88 Giáp Nhị",507,Hoàng Mai,"Hình ảnh,video",1 NGỦ+GÁC XÉP,28,"4,800,000 đ",,Có khách,,"Đệm, tủ quần áo , điều hòa, nóng lạnh, tủ bếp,bàn ăn hút mùi, bồn rửa bát, sofa, máy giặt ",,,,,,,,,,,,,,,,
3,"Số 10 
Ngách 61 
Ngõ 88 Giáp Nhị",503,Hoàng Mai,"Hình ảnh,video",1 NGỦ+GÁC XÉP,25,"4,500,000 đ",,Có khách,,Full đồ như ảnh,,,,,,,,,,,,,,,,
2,"Số 10 
Ngách 61 
Ngõ 88 Giáp Nhị",406,Hoàng Mai,"Hình ảnh,video",1 NGỦ+GÁC XÉP,28,"4,500,000 đ",,Có khách,,"Đệm, tủ quần áo , điều hòa, nóng lạnh, tủ bếp,bàn ăn hút mùi, bồn rửa bát, sofa, máy giặt ",,,,,,,,,,,,,,,,
,"Số 7 
Ngách 70
Ngõ 29 Khương Hạ",606,Thanh Xuân,https://drive.google.com/drive/u/0/folders/1ie2s-Kbjrcx3B3b1lWESEWOWGE1sfxZU,Phòng Gác xép,"Sàn 26
Gác 8","5,400,000 đ",Tặng 2tr kí hđ trước 25/4,Có khách,,"Nệm, tủ quần áo, điều hòa, nóng lạnh, tủ lạnh, tủ bếp, bếp từ, hút mùi, sofa, máy giặt , rèm,giàn phơi",,,,,,,,,,,,,,,,
13,"Số 10 
Ngách 61 
Ngõ 88 Giáp Nhị",506,Hoàng Mai,"Hình ảnh,video",1 NGỦ+GÁC XÉP,28,"4,300,000 đ",,Có khách,,Full đồ như ảnh,,,,,,,,,,,,,,,,
7,"Số 10 
Ngách 61 
Ngõ 88 Giáp Nhị",604,Hoàng Mai,"Hình ảnh,video",1 NGỦ+GÁC XÉP,28,"4,200,000 đ",,Có khách,,"Đệm, tủ quần áo , điều hòa, nóng lạnh, tủ bếp,bàn ăn hút mùi, bồn rửa bát, sofa, máy giặt ",,,,,,,,,,,,,,,,
11,"Số 10 
Ngách 61 
Ngõ 88 Giáp Nhị",608,Hoàng Mai,"Hình ảnh,video",1 NGỦ+GÁC XÉP,28,"4,700,000 đ",,Có khách,,"Đệm, tủ quần áo , điều hòa, nóng lạnh, tủ bếp,bàn ăn hút mùi, bồn rửa bát, sofa, máy giặt ",,,,,,,,,,,,,,,,
,"Số 10 
Ngách 61 
Ngõ 88 Giáp Nhị",608,Hoàng Mai,"Hình ảnh,video",1 NGỦ+GÁC XÉP,28,"4,700,000 đ",,có khách,,"Đệm, tủ quần áo , điều hòa, nóng lạnh, tủ bếp,bàn ăn hút mùi, bồn rửa bát, sofa, máy giặt ",,,,,,,,,,,,,,,,
18,"Số 52
Ngõ 173
 Hoàng Hoa Thám",307,Ba Đình,"Hình ảnh,video",1 NGỦ+GÁC XÉP,25,"4,800,000 đ",,có khách,,"Đệm, tủ quần áo , điều hòa, nóng lạnh, tủ lạnh, tủ bếp,bàn ăn hút mùi, bồn rửa bát, sofa, máy giặt ",,,,,,,,,,,,,,,,
7,"Số 52
Ngõ 173
 Hoàng Hoa Thám",502,Ba Đình,"Hình ảnh,video",1 NGỦ+GÁC XÉP,22+6 gác,"4,600,000 đ",,Có khách,,Full đồ như ảnh,Bảo Chấn,0934686094,,,,,,,,,,,,,,
3,"Số 52
Ngõ 173
 Hoàng Hoa Thám",403,Ba Đình,video,1 NGỦ+GÁC XÉP,25,"4,600,000 đ",,Có khách,,Full đồ như ảnh,Bảo Chấn,0934686094,,,,,,,,,,,,,,
10,"Số 52
Ngõ 173
 Hoàng Hoa Thám",306,Ba Đình,"Hình ảnh,video",1 NGỦ+GÁC XÉP,25,"4,600,000 đ",,Có khách,,"Đệm, tủ quần áo , điều hòa, nóng lạnh, tủ lạnh, tủ bếp,bàn ăn hút mùi, bồn rửa bát, sofa, máy giặt ",,,,,,,,,,,,,,,,
9,"Số 52
Ngõ 173
 Hoàng Hoa Thám",308,Ba Đình,"Hình ảnh,video",1 NGỦ+GÁC XÉP,25,"5,600,000 đ",,Có khách,,"Đệm, tủ quần áo , điều hòa, nóng lạnh, tủ lạnh, tủ bếp,bàn ăn hút mùi, bồn rửa bát, sofa, máy giặt ",,,,,,,,,,,,,,,,
,"Số 10 
Ngách 61 
Ngõ 88 Giáp Nhị",701,Hoàng Mai,"Hình ảnh,video",1 NGỦ+GÁC XÉP,28,"4,700,000 đ",,Có khách,,"Đệm, tủ quần áo , điều hòa, nóng lạnh, tủ bếp,bàn ăn hút mùi, bồn rửa bát, sofa, máy giặt ",,,,,,,,,,,,,,,,
,"Số 52
Ngõ 173
 Hoàng Hoa Thám",506,Ba Đình,"Hình ảnh,video",1 NGỦ+GÁC XÉP,"25
7","4,600,000 đ",,Có khách,,"Đệm, tủ quần áo , điều hòa, nóng lạnh, tủ lạnh, tủ bếp,bàn ăn hút mùi, bồn rửa bát, sofa, máy giặt ",,,,,,,,,,,,,,,,
,"Số 52
Ngõ 173
 Hoàng Hoa Thám",501,Ba Đình,"Hình ảnh,video",1 NGỦ+GÁC XÉP,"25
7","4,600,000 đ",,Có khách,,"Đệm, tủ quần áo , điều hòa, nóng lạnh, tủ lạnh, tủ bếp,bàn ăn hút mùi, bồn rửa bát, sofa, máy giặt ",,,,,,,,,,,,,,,,
,"Số 52
Ngõ 173
 Hoàng Hoa Thám",308,Ba Đình,"Hình ảnh,video",1 NGỦ+GÁC XÉP,"35
7","5,800,000 đ",,có khách,,"Đệm, tủ quần áo , điều hòa, nóng lạnh, tủ lạnh, tủ bếp,bàn ăn hút mùi, bồn rửa bát, sofa, máy giặt ",,,,,,,,,,,,,,,,
,"Số 52
Ngõ 173
 Hoàng Hoa Thám",408,Ba Đình,"Hình ảnh,video",1 NGỦ+GÁC XÉP,"35
7","5,800,000 đ",,Có khách,,"Đệm, tủ quần áo , điều hòa, nóng lạnh, tủ lạnh, tủ bếp,bàn ăn hút mùi, bồn rửa bát, sofa, máy giặt ",,,,,,,,,,,,,,,,
3,"Số 11 ngách 11
ngõ 146 
Vương Thừa Vũ",404,Thanh Xuân,"Hình ảnh, video",1 NGỦ+GÁC XÉP,26+6 GÁC,"5,500,000 đ",,Có khách,,Full đồ như ảnh,Bảo Chấn,0934686094,,,,,,,,,,,,,,
6,"Số 9 ngách 11
ngõ 146 
Vương Thừa Vũ",401,Thanh Xuân,"Hình ảnh, video",1 NGỦ+GÁC XÉP,26+6 GÁC,"5,700,000 đ",,Có khách,,Full đồ như ảnh,,,,,,,,,,,,,,,,
,"Số 9 ngách 11
ngõ 146 
Vương Thừa Vũ",603,Thanh Xuân,"Hình ảnh, video",1 NGỦ+GÁC XÉP,27+6 GÁC,"5,700,000 đ",,Có khách,,Full đồ như ảnh,,,,,,,,,,,,,,,,
,"Số 10 
ngõ 118 
Vương Thừa Vũ",401,Thanh Xuân,"Hình ảnh, video",1 NGỦ+GÁC XÉP,26+6 GÁC,"5,500,000 đ",,Có khách,,"Đệm, tủ quần áox, điều hòa, nóng lạnh, tủ bếp, ,bàn ăn hút mùi, bồn rửa bát, sofa, máy giặt ",,,,,,,,,,,,,,,,
,"Số 7 
Ngách 70
Ngõ 29 Khương Hạ",705,Thanh Xuân,https://drive.google.com/drive/u/0/folders/1ie2s-Kbjrcx3B3b1lWESEWOWGE1sfxZU,Phòng Gác xép,"Sàn 26
Gác 8","5,000,000 đ",Tặng 2tr kí hđ trước 25/4,Có khách,,"Nệm, tủ quần áo, điều hòa, nóng lạnh, tủ lạnh, tủ bếp, bếp từ, hút mùi, sofa, máy giặt , rèm,giàn phơi",,,,,,,,,,,,,,,,
11,,,,,,,,,,,,,,,,,,,,,,,,,,,
10,,,,,,,,,,,,,,,,,,,,,,,,,,,
12,,,,,,,,,,,,,,,,,,,,,,,,,,,
2,,,,,,,,,,,,,,,,,,,,,,,,,,,
13,,,,,,,,,,,,,,,,,,,,,,,,,,,
,,,,,,,,,,,,,,,,,,,,,,,,,,,
,"Số 19
ngõ 146 
Vương Thừa Vũ",201,Thanh Xuân,"Hình ảnh, video",1 NGỦ+GÁC XÉP,"2 Ngủ
1 Khách","8,500,000 đ",Tặng 1tr kí hđ trước 30/4,Có khách,,"Đệm, tủ quần áox, điều hòa, nóng lạnh, tủ bếp, ,bàn ăn hút mùi, bồn rửa bát, sofa, máy giặt ",,,,,,,,,,,,,,,,
,"Số 10 
ngõ 118 
Vương Thừa Vũ",203,Thanh Xuân,"Hình ảnh, video",1 NGỦ+GÁC XÉP,26+6 GÁC,"4,500,000 đ",Tặng 2tr kí hđ trước 15/05,Có khách,,"Đệm, tủ quần áox, điều hòa, nóng lạnh, tủ bếp, ,bàn ăn hút mùi, bồn rửa bát, sofa, máy giặt ",,,,,,,,,,,,,,,,
,"Số 10 
ngõ 118 
Vương Thừa Vũ",704,Thanh Xuân,"Hình ảnh, video",1 NGỦ+GÁC XÉP,26+6 GÁC,"5,000,000 đ",,Có khách,,"Đệm, tủ quần áox, điều hòa, nóng lạnh, tủ bếp, ,bàn ăn hút mùi, bồn rửa bát, sofa, máy giặt ",,,,,,,,,,,,,,,,
,"Số 10 
ngõ 118 
Vương Thừa Vũ",703,Thanh Xuân,"Hình ảnh, video",1 NGỦ+GÁC XÉP,26+6 GÁC,"5,000,000 đ",,Có khách,,"Đệm, tủ quần áox, điều hòa, nóng lạnh, tủ bếp, ,bàn ăn hút mùi, bồn rửa bát, sofa, máy giặt ",,,,,,,,,,,,,,,,
2,"Số 11
Ngách 11
Ngõ 146
Vương Thừa Vũ",503,Thanh Xuân,https://drive.google.com/drive/folders/1Fq2LPhOH9WZXg7fml87025tzma39XbIb,1 NGỦ+GÁC XÉP,26,"5,000,000 đ",Free tiền nhà đến m10/06,Có khách,,Full đồ như ảnh,"Bảo Chấn
X9","0934686094
0967691507",,,,,,,,,,,,,,
,,,,,,,,,,,,,,,,,,,,,,,,,,,
14,,,,,,,,,,,,,,,,,,,,,,,,,,,
5,,,,,,,,,,,,,,,,,,,,,,,,,,,
25,,,,,,,,,,,,,,,,,,,,,,,,,,,
20,,,,,,,,,,,,,,,,,,,,,,,,,,,
13,,,,,,,,,,,,,,,,,,,,,,,,,,,
19,,,,,,,,,,,,,,,,,,,,,,,,,,,
,,,,,,,,,,,,,,,,,,,,,,,,,,,
,,,,,,,,,,,,,,,,,,,,,,,,,,,
20,,,,,,,,,,,,,,,,,,,,,,,,,,,
20,,,,,,,,,,,,,,,,,,,,,,,,,,,
18,,,,,,,,,,,,,,,,,,,,,,,,,,,
22,,,,,,,,,,,,,,,,,,,,,,,,,,,
21,,,,,,,,,,,,,,,,,,,,,,,,,,,
22,,,,,,,,,,,,,,,,,,,,,,,,,,,
8,,,,,,,,,,,,,,,,,,,,,,,,,,,
,,,,,,,,,,,,,,,,,,,,,,,,,,,
,,,,,,,,,,,,,,,,,,,,,,,,,,,
,,,,,,,,,,,,,,,,,,,,,,,,,,,
21,,,,,,,,,,,,,,,,,,,,,,,,,,,
6,,,,,,,,,,,,,,,,,,,,,,,,,,,
,,,,,,,,,,,,,,,,,,,,,,,,,,,
,,,,,,,,,,,,,,,,,,,,,,,,,,,
,,,,,,,,,,,,,,,,,,,,,,,,,,,
31,,,,,,,,,,,,,,,,,,,,,,,,,,,
15,"Số 7 
Ngách 70
Ngõ 29 Khương Hạ",502,Thanh Xuân,"Link ảnh,video",Phòng Gác xép,"Sàn 34
Gác 8","6,200,000 đ",,Có khách,,"Nệm, tủ quần áo, điều hòa, nóng lạnh, tủ lạnh, tủ bếp, bếp từ, hút mùi, sofa, máy giặt , rèm,giàn phơi",,,,,,,,,,,,,,,,
,"Số 7 
Ngách 70
Ngõ 29 Khương Hạ",205,Thanh Xuân,"Link ảnh,video",Phòng Gác xép,"Sàn 26
Gác 8","5,200,000 đ",,Có khách,,"Nệm, tủ quần áo, điều hòa, nóng lạnh, tủ lạnh, tủ bếp, bếp từ, hút mùi, sofa, máy giặt , rèm,giàn phơi",,,,,,,,,,,,,,,,
,"Số 7 
Ngách 70
Ngõ 29 Khương Hạ",303,Thanh Xuân,"Link ảnh,video",Phòng Gác xép,"Sàn 26
Gác 8","5,200,000 đ",,Có khách,,"Nệm, tủ quần áo, điều hòa, nóng lạnh, tủ lạnh, tủ bếp, bếp từ, hút mùi, sofa, máy giặt , rèm,giàn phơi",,,,,,,,,,,,,,,,
29,"Số 7 
Ngách 70
Ngõ 29 Khương Hạ",206,Thanh Xuân,,"1 Ngủ
1 Gác Xép","Sàn 26
Gác 8","5,600,000 đ",,Có khách,,"Nệm, tủ quần áo, điều hòa, nóng lạnh, tủ lạnh, tủ bếp, bếp từ, hút mùi, sofa, máy giặt , rèm,giàn phơi",,,,,,,,,,,,,,,,
27,"Số 7 
Ngách 70
Ngõ 29 Khương Hạ",303,Thanh Xuân,"Link ảnh,video","1 Ngủ
1 Gác Xép","Sàn 26
Gác 8","5,500,000 đ",,Có khách,,"Nệm, tủ quần áo, điều hòa, nóng lạnh, tủ lạnh, tủ bếp, bếp từ, hút mùi, sofa, máy giặt , rèm,giàn phơi",,,,,,,,,,,,,,,,
,"Số 7 
Ngách 70
Ngõ 29 Khương Hạ",403,Thanh Xuân,"Link ảnh,video","1 Ngủ
1 Gác Xép","Sàn 26
Gác 8","5,500,000 đ",,Có khách,,"Nệm, tủ quần áo, điều hòa, nóng lạnh, tủ lạnh, tủ bếp, bếp từ, hút mùi, sofa, máy giặt , rèm,giàn phơi",,,,,,,,,,,,,,,,
,"Số 7 
Ngách 70
Ngõ 29 Khương Hạ",305,Thanh Xuân,"Link ảnh,video",Phòng Gác xép,"Sàn 26
Gác 8","5,200,000 đ",,Có khách,,"Nệm, tủ quần áo, điều hòa, nóng lạnh, tủ lạnh, tủ bếp, bếp từ, hút mùi, sofa, máy giặt , rèm,giàn phơi",,,,,,,,,,,,,,,,
,"Số 7 
Ngách 70
Ngõ 29 Khương Hạ",306,Thanh Xuân,,"1 Ngủ
1 Gác Xép","Sàn 26
Gác 8","5,900,000 đ",,có khách,,"Nệm, tủ quần áo, điều hòa, nóng lạnh, tủ lạnh, tủ bếp, bếp từ, hút mùi, sofa, máy giặt , rèm,giàn phơi",,,,,,,,,,,,,,,,
,"Số 7 
Ngách 70
Ngõ 29 Khương Hạ",403,Thanh Xuân,"Link ảnh,video","1 Ngủ
1 Gác Xép","Sàn 26
Gác 8","5,700,000 đ",,có khách,,"Nệm, tủ quần áo, điều hòa, nóng lạnh, tủ lạnh, tủ bếp, bếp từ, hút mùi, sofa, máy giặt , rèm,giàn phơi",,,,,,,,,,,,,,,,
32,"Số 7 
Ngách 70
Ngõ 29 Khương Hạ",404,Thanh Xuân,"Link ảnh,video","1 Ngủ
1 Gác Xép","Sàn 26
Gác 8","5,500,000 đ",,Có khách,,"Nệm, tủ quần áo, điều hòa, nóng lạnh, tủ lạnh, tủ bếp, bếp từ, hút mùi, sofa, máy giặt , rèm,giàn phơi",,,,,,,,,,,,,,,,
,"Số 7 
Ngách 70
Ngõ 29 Khương Hạ",404,Thanh Xuân,"Link ảnh,video","1 Ngủ
1 Gác Xép","Sàn 26
Gác 8","5,500,000 đ",,Có khách,,"Nệm, tủ quần áo, điều hòa, nóng lạnh, tủ lạnh, tủ bếp, bếp từ, hút mùi, sofa, máy giặt , rèm,giàn phơi",,,,,,,,,,,,,,,,
18,"Số 7 
Ngách 70
Ngõ 29 Khương Hạ",601,Thanh Xuân,"Link ảnh,video",Phòng Gác xép,"Sàn 26
Gác 8","5,500,000 đ",,Có khách,,"Nệm, tủ quần áo, điều hòa, nóng lạnh, tủ lạnh, tủ bếp, bếp từ, hút mùi, sofa, máy giặt , rèm,giàn phơi",,,,,,,,,,,,,,,,
3,"Số 7 
Ngách 70
Ngõ 29 Khương Hạ",305,Thanh Xuân,"Link ảnh,video",Phòng Gác xép,"Sàn 26
Gác 8","5,200,000 đ",,Có khách,,Full đồ như ảnh,,,,,,,,,,,,,,,,
,"Số 7 
Ngách 70
Ngõ 29 Khương Hạ",503,Thanh Xuân,"Link ảnh,video","1 Ngủ
1 Gác Xép","Sàn 26
Gác 8","5,700,000 đ",,có khách,,"Nệm, tủ quần áo, điều hòa, nóng lạnh, tủ lạnh, tủ bếp, bếp từ, hút mùi, sofa, máy giặt , rèm,giàn phơi",,,,,,,,,,,,,,,,
,"Số 7 
Ngách 70
Ngõ 29 Khương Hạ",504,Thanh Xuân,"Link ảnh,video","1 Ngủ
1 Gác Xép","Sàn 26
Gác 8","5,700,000 đ",,có khách,,"Nệm, tủ quần áo, điều hòa, nóng lạnh, tủ lạnh, tủ bếp, bếp từ, hút mùi, sofa, máy giặt , rèm,giàn phơi",,,,,,,,,,,,,,,,
,,,,,,,,,,,,,,,,,,,,,,,,,,,
18,"Số 71 
Ngõ 52 Quan Nhân","201
401",Thanh Xuân,"Hình ảnh, video",1 NGỦ+GÁC XÉP,26+6 GÁC,"5.300.000 đ
",,Có khách,,Full đồ như ảnh,,,,,,,,,,,,,,,,
,"Số 48 Hẻm 2
Ngách 70 Ngõ 29 
Khương Hạ",703,Thanh Xuân,"Hình ảnh,video",1 NGỦ+GÁC XÉP,27+ 6 Gác,"4,700,000 đ",,Có khách,,Full đồ như ảnh,,,,,,,,,,,,,,,,
4,"Số 48 Hẻm 2
Ngách 70 Ngõ 29 
Khương Hạ",401,Thanh Xuân,"Hình ảnh,video",1 NGỦ+GÁC XÉP,27+ 6 Gác,"4,700,000 đ",,Có khách,,Full đồ như ảnh,,,,,,,,,,,,,,,,
24,"Số 48 
ngõ 79 mễ trì thượng",703,Nam Từ Liêm,......,1 NGỦ+ GÁC XÉP,35+6m gác,"5,200,000 đ",,Có khách,,Full đồ như ảnh,,,,,,,,,,,,,,,,
22,"Số 48 
ngõ 79 mễ trì thượng",203,Nam Từ Liêm,"Hình ảnh,video",1 NGỦ+ GÁC XÉP,35+6m gác,"4,600,000 đ",,Có khách,,Full đồ như ảnh,,,,,,,,,,,,,,,,
12,"Số 48 
ngõ 79 mễ trì thượng",204,Nam Từ Liêm,"Hình ảnh,video",1 NGỦ+ GÁC XÉP,25+6 GÁC,"4,500,000 đ",,Có khách,,Full đồ như ảnh,Thịnh,0981074306,,,,,,,,,,,,,,
17,"Số 48 
ngõ 79 mễ trì thượng",502,Nam Từ Liêm,"Hình ảnh,video",1 NGỦ+ GÁC XÉP,24+6 GÁC,"4,500,000 đ",,Có khách,,Full đồ như ảnh,Thịnh,0981074306,,,,,,,,,,,,,,
18,"Số 48 
ngõ 79 mễ trì thượng",504,Nam Từ Liêm,"Hình ảnh,video",1 NGỦ+ GÁC XÉP,25+6 GÁC,"4,500,000 đ",,Có khách,,Full đồ như ảnh,Thịnh,0981074306,,,,,,,,,,,,,,
31,"Số 48 
ngõ 79 mễ trì thượng",303,Nam Từ Liêm,"Hình ảnh,video",1 NGỦ+ GÁC XÉP,25+6 GÁC,"4,600,000 đ",Tặng 500k chuyển vào,Có khách,,Full đồ như ảnh,Thịnh,0981074306,,,,,,,,,,,,,,
4,"Số 48 
ngõ 79 mễ trì thượng",401,Nam Từ Liêm,"Hình ảnh,video",1 NGỦ+ GÁC XÉP,25+6 GÁC,"4,500,000 đ",,Có khách,,Full đồ như ảnh,Bảo Chấn,0934686094,,,,,,,,,,,,,,
,"Số 48 
ngõ 79 mễ trì thượng",501,Nam Từ Liêm,"Hình ảnh,video",1 NGỦ+ GÁC XÉP,25+6 GÁC,"4,300,000 đ","""Điện 4k/số
Nước 32k/1 khối
mạng 80k/phòng
Dịch vụ khác: vệ sinh/điện chung, thang máy, rác 200k/phòng
Không nuôi pet, tối đa ở 4, không xe điện, không người nước ngoài""",30/7,,Full đồ như ảnh,Bảo Chấn,0934686094,,,,,,,,,,,,,,
,"Số 48 
ngõ 79 mễ trì thượng",502,Nam Từ Liêm,https://drive.google.com/drive/folders/1rAonwjfwd7vM-qyxly1S6Wq4Hhl-jf_V,1 NGỦ+ GÁC XÉP,25+6 GÁC,"4,000,000 đ","""Điện 4k/số
Nước 32k/1 khối
mạng 80k/phòng
Dịch vụ khác: vệ sinh/điện chung, thang máy, rác 200k/phòng
Không nuôi pet, tối đa ở 4, không xe điện, không người nước ngoài""",trống,,Full đồ như ảnh,Bảo Chấn,0934686094,,,,,,,,,,,,,,
,"Số 48 
ngõ 79 mễ trì thượng",502,Nam Từ Liêm,"Hình ảnh,video",1 NGỦ+ GÁC XÉP,25+6 GÁC,"4,200,000 đ","""Điện 4k/số
Nước 32k/1 khối
mạng 80k/phòng
Dịch vụ khác: vệ sinh/điện chung, thang máy, rác 200k/phòng
Không nuôi pet, tối đa ở 4, không xe điện, không người nước ngoài""",Có khách,,Full đồ như ảnh,Bảo Chấn,0934686094,,,,,,,,,,,,,,
,"Số 48 
ngõ 79 mễ trì thượng",602,Nam Từ Liêm,"Hình ảnh,video",1 NGỦ+ GÁC XÉP,25+6 GÁC,"4,400,000 đ",,Có khách,,Full đồ như ảnh,Bảo Chấn,0934686094,,,,,,,,,,,,,,
,"Số 48 
ngõ 79 mễ trì thượng",602,Nam Từ Liêm,"Hình ảnh,video",1 NGỦ+ GÁC XÉP,25+6 GÁC,"4,500,000 đ",,Có khách,,Full đồ như ảnh,Bảo Chấn,0934686094,,,,,,,,,,,,,,
,"Số 7 
Ngách 70
Ngõ 29 Khương Hạ",404,Thanh Xuân,https://drive.google.com/drive/u/0/folders/1ie2s-Kbjrcx3B3b1lWESEWOWGE1sfxZU,Phòng Gác xép,"Sàn 26
Gác 8","5,200,000 đ",,Có khách,,"Nệm, tủ quần áo, điều hòa, nóng lạnh, tủ lạnh, tủ bếp, bếp từ, hút mùi, sofa, máy giặt , rèm,giàn phơi",,,,,,,,,,,,,,,,
,"Số 7 
Ngách 70
Ngõ 29 Khương Hạ",603,Thanh Xuân,https://drive.google.com/drive/u/0/folders/1ie2s-Kbjrcx3B3b1lWESEWOWGE1sfxZU,Phòng Gác xép,"Sàn 26
Gác 8","5,500,000 đ",,Có khách,,"Nệm, tủ quần áo, điều hòa, nóng lạnh, tủ lạnh, tủ bếp, bếp từ, hút mùi, sofa, máy giặt , rèm,giàn phơi",,,,,,,,,,,,,,,,
15,,,,,,,,,,,,,,,,,,,,,,,,,,,
12,,,,,,,,,,,,,,,,,,,,,,,,,,,
,,,,,,,,,,,,,,,,,,,,,,,,,,,
7,,,,,,,,,,,,,,,,,,,,,,,,,,,
,,,,,,,,,,,,,,,,,,,,,,,,,,,
,,,,,,,,,,,,,,,,,,,,,,,,,,,
,,,,,,,,,,,,,,,,,,,,,,,,,,,
11,,,,,,,,,,,,,,,,,,,,,,,,,,,
,,,,,,,,,,,,,,,,,,,,,,,,,,,
,,,,,,,,,,,,,,,,,,,,,,,,,,,
,,,,,,,,,,,,,,,,,,,,,,,,,,,
19,,,,,,,,,,,,,,,,,,,,,,,,,,,
19,,,,,,,,,,,,,,,,,,,,,,,,,,,
,,,,,,,,,,,,,,,,,,,,,,,,,,,
9,,,,,,,,,,,,,,,,,,,,,,,,,,,
,,,,,,,,,,,,,,,,,,,,,,,,,,,
,,,,,,,,,,,,,,,,,,,,,,,,,,,
,,,,,,,,,,,,,,,,,,,,,,,,,,,
,,,,,,,,,,,,,,,,,,,,,,,,,,,
,,,,,,,,,,,,,,,,,,,,,,,,,,,
,,,,,,,,,,,,,,,,,,,,,,,,,,,
,,,,,,,,,,,,,,,,,,,,,,,,,,,
,,,,,,,,,,,,,,,,,,,,,,,,,,,
,,,,,,,,,,,,,,,,,,,,,,,,,,,
,"Số 48 
ngõ 79 mễ trì thượng",302,Nam Từ Liêm,"Hình ảnh,video",1 NGỦ+ GÁC XÉP,25+6 GÁC,"4.000.000
4.500.000",,Có khách￼,,"Đệm, tủ quần áo, điều hòa, nóng lạnh, tủ bếp, hút mùi, bồn rửa bát, sofa,tivi máy giặt ",,,,,,,,,,,,,,,,
,"12/ 66 Ngõ giếng
Ô Chợ Dừa",601,Đống Đa,"Hình ảnh,video",1 NGỦ,30,"6,000,000 đ","""Điện 4k/số
Nước 32k/1 khối
mạng 100k/phòng
Dịch vụ khác: vệ sinh/điện chung, thang máy, rác 200k/phòng",Có khách,,Full đồ như ảnh,Tùng,035 7992605,,,,,,,,,,,,,,
,"12/ 66 Ngõ giếng
Ô Chợ Dừa",302,Đống Đa,"Hình ảnh,video",1 NGỦ,30,"5,500,000 đ","""Dịch vụ 300k/1 phòng
Mạng:100k/phòng
Dịch vụ chung: 200k/1 phòng
(Thang máy, Thu rác, gửi xe, điện chung, free 2 xe).
Xe thứ 3: 80k""",Có khách,,Full đồ như ảnh,Tùng,0357992605,Căn đối tác,,,,,,,,,,,,,
,"12/ 66 Ngõ giếng
Ô Chợ Dừa",802,Đống Đa,"Hình ảnh,video",1 NGỦ,30,"5,800,000 đ","""Dịch vụ 300k/1 phòng
Mạng:100k/phòng
Dịch vụ chung: 200k/1 phòng
(Thang máy, Thu rác, gửi xe, điện chung, free 2 xe).
Xe thứ 3: 80k""",Có khách,,Full đồ như ảnh,Tùng,0357992605,Căn đối tác,,,,,,,,,,,,,
,"12/ 66 Ngõ giếng
Ô Chợ Dừa",301,Đống Đa,"Hình ảnh,video",1 NGỦ,30,"5,500,000 đ","""Dịch vụ 300k/1 phòng
Mạng:100k/phòng
Dịch vụ chung: 200k/1 phòng
(Thang máy, Thu rác, gửi xe, điện chung, free 2 xe).
Xe thứ 3: 80k""",Có khách,,Full đồ như ảnh,Tùng,0357992605,Căn đối tác,,,,,,,,,,,,,
,,,,,,,,,,,,,,,,,,,,,,,,,,,
,"Số 48 
ngõ 79 mễ trì thượng",502,Nam Từ Liêm,"Hình ảnh,video",1 NGỦ+ GÁC XÉP,25+6 GÁC,"4,600,000 đ","21.005703,105.776466",Có khách￼,,"Đệm, tủ quần áo, điều hòa, nóng lạnh, tủ bếp, hút mùi, bồn rửa bát, sofa,tivi máy giặt ",,,,,,,,,,,,,,,,
,"Số 48 
ngõ 79 mễ trì thượng",701,Nam Từ Liêm,"Hình ảnh,video",1 NGỦ+ GÁC XÉP,25+6 GÁC,"4,600,000 đ","21.005703,105.776466",Có khách￼,,,,,,,,,,,,,,,,,,
,"Số 48 
ngõ 79 mễ trì thượng",604,Nam Từ Liêm,"Hình ảnh,video",1 NGỦ+ GÁC XÉP,25+6 GÁC,"4,500,000 đ","21.005703,105.776466",Có khách￼,,,,,,,,,,,,,,,,,,
,"Số 48 
ngõ 79 mễ trì thượng",501,Nam Từ Liêm,"Hình ảnh,video",1 NGỦ+ GÁC XÉP,25+6 GÁC,"4.300.000
4.500.000",https://goo.gl/maps/X4BGNNjnih79HhLa8,Có khách￼,,"Đệm, tủ quần áo, điều hòa, nóng lạnh, tủ bếp, hút mùi, bồn rửa bát, sofa,tivi máy giặt ",,,,,,,,,,,,,,,,
,"Số 48 
Ngõ 79 mễ trì thượng",402,Nam Từ Liêm,"Hình ảnh,video",1 NGỦ+ GÁC XÉP,25+6 GÁC,"4.400.000
4.500.000",,Có khách￼,,"Đệm, tủ quần áo, điều hòa, nóng lạnh, tủ bếp, hút mùi, bồn rửa bát, sofa,tivi máy giặt ",,,,,,,,,,,,,,,,
19,"Số 48 
ngõ 79 mễ trì thượng",303,Nam Từ Liêm,"Hình ảnh,video",1 NGỦ+ GÁC XÉP,24+6 GÁC,"4,500,000 đ",,Có khách,,Full đồ như ảnh,Thịnh,0981074306,,,,,,,,,,,,,,
6,"Số 48 
ngõ 79 mễ trì thượng",403,Nam Từ Liêm,"Hình ảnh,video",1 NGỦ+ GÁC XÉP,24+6 GÁC,"4,500,000 đ",,Có khách,,Full đồ như ảnh,Thịnh,0981074306,,,,,,,,,,,,,,
14,"Số 48 
ngõ 79 mễ trì thượng",502,Nam Từ Liêm,"Hình ảnh,video",1 NGỦ+ GÁC XÉP,24+6 GÁC,"4,500,000 đ",,Có khách,,Full đồ như ảnh,Thịnh,0981074306,,,,,,,,,,,,,,
15,"Số 48 
ngõ 79 mễ trì thượng",603,Nam Từ Liêm,"Hình ảnh,video",1 NGỦ+ GÁC XÉP,24+6 GÁC,"4,500,000 đ",,Có khách,,Full đồ như ảnh,Thịnh,0981074306,,,,,,,,,,,,,,
5,"Số 48 
ngõ 79 mễ trì thượng",604,Nam Từ Liêm,"Hình ảnh,video",1 NGỦ+ GÁC XÉP,24+6 GÁC,"4,500,000 đ",,Có khách,,Full đồ như ảnh,Thịnh,0981074306,,,,,,,,,,,,,,
6,"Số 48 
ngõ 79 mễ trì thượng",401,Nam Từ Liêm,"Hình ảnh,video","1 NGỦ+ GÁC XÉP
",24+6 GÁC,"4,500,000 đ",,Có khách,,Full đồ như ảnh,Thịnh,0981074306,,,,,,,,,,,,,,
28,"Số 48 
ngõ 79 mễ trì thượng",702,Nam Từ Liêm,"Hình ảnh,video",1 NGỦ+ GÁC XÉP,24+6 GÁC,"4,500,000 đ",,Có khách,,Full đồ như ảnh,Thịnh,0981074306,,,,,,,,,,,,,,
40,"Số 48 
ngõ 79 mễ trì thượng",404,Nam Từ Liêm,"Hình ảnh,video",1 NGỦ+ GÁC XÉP,24+6 GÁC,"4,500,000 đ",Tặng 1000k chuyển vào,Có khách,,Full đồ như ảnh,Thịnh,,,,,,,,,,,,,,,
,"Số 48 
Ngõ 79 mễ trì thượng",304,Nam Từ Liêm,"Hình ảnh,video",1 NGỦ+ GÁC XÉP,24+6 GÁC,"4,500,000 đ",,Có khách￼,,"Đệm, tủ quần áo, điều hòa, nóng lạnh, tủ bếp, hút mùi, bồn rửa bát, sofa,tivi máy giặt ",,,,,,,,,,,,,,,,
24,"Số 48 
ngõ 79 mễ trì thượng",604,Nam Từ Liêm,"Hình ảnh,video",1 NGỦ+ GÁC XÉP,25+6 GÁC,"4,500,000 đ",,có khách￼,,"Đệm, tủ quần áo, điều hòa, nóng lạnh, tủ bếp, hút mùi, bồn rửa bát, sofa,tivi máy giặt ",,,,,,,,,,,,,,,,
,"Số 48 
ngõ 79 mễ trì thượng",504,Nam Từ Liêm,"Hình ảnh,video",1 NGỦ+ GÁC XÉP,25+6 GÁC,"4.300.000
4.500.000",,Có khách￼,,"Đệm, tủ quần áo, điều hòa, nóng lạnh, tủ bếp, hút mùi, bồn rửa bát, sofa,tivi máy giặt ",,,,,,,,,,,,,,,,
,"Số 48 
ngõ 79 mễ trì thượng",401,Nam Từ Liêm,"Hình ảnh,video",1 NGỦ+ GÁC XÉP,25+6 GÁC,"4,500,000 đ","21.005703,105.776466",Có khách￼,,"Đệm, tủ quần áo, điều hòa, nóng lạnh, tủ bếp, hút mùi, bồn rửa bát, sofa,tivi máy giặt ",,,,,,,,,,,,,,,,
,"Số 48 
ngõ 79 mễ trì thượng",301,Nam Từ Liêm,"Hình ảnh,video",1 NGỦ+ GÁC XÉP,25+6 GÁC,"4,500,000 đ","21.005703,105.776466",Có khách￼,,"Đệm, tủ quần áo, điều hòa, nóng lạnh, tủ bếp, hút mùi, bồn rửa bát, sofa,tivi máy giặt ",,,,,,,,,,,,,,,,
15,"Số 48 
ngõ 79 mễ trì thượng",401,Nam Từ Liêm,"Hình ảnh,video",1 NGỦ+ GÁC XÉP,25+6 GÁC,"4,500,000 đ",,có khách,,"Đệm, tủ quần áo, điều hòa, nóng lạnh, tủ bếp, hút mùi, bồn rửa bát, sofa,tivi máy giặt ",,,,,,,,,,,,,,,,
,"12/ 66 Ngõ giếng
Ô Chợ Dừa",202,Đống Đa,"Hình ảnh,video",1 NGỦ,30,"5,500,000 đ",Tặng 1tr kí hđ trước 25/4,Có khách,,"Giường, tủ quần áo, điều hòa, nóng lạnh, tủ bếp, bàn ăn,tivi hút mùi, bồn rửa bát, sofa,tivi máy giặt ",,,,,,,,,,,,,,,,
,Số 9 Ngõ 367 Nguyễn Khang,504,Cầu Giấy,https://drive.google.com/drive/folders/1qy_pliKBhMDjUutOYReO_X2LKk7scmkT,1 NGỦ,25,"4,500,000 đ","""Điện 4k/số
Nước 32k/1 khối
mạng 80k/phòng
Dịch vụ khác: vệ sinh/điện chung, thang máy, rác 200k/phòng",Có khách,,Full đồ như ảnh,Thịnh,0981074306,căn đối tác,,,,,,,,,,,,,
,Số 9 Ngõ 367 Nguyễn Khang,202,Cầu Giấy,https://drive.google.com/drive/folders/1GP_XhGgSJp3F_TRIkg9k7UgiKvJP_ihc,1 NGỦ,25,"4,600,000 đ","""Điện 4k/số
Nước 32k/1 khối
mạng 80k/phòng
Dịch vụ khác: vệ sinh/điện chung, thang máy, rác 200k/phòng",Có khách,,Full đồ như ảnh,Thịnh,0981074306,căn đối tác,,,,,,,,,,,,,
,Số 9 Ngõ 367 Nguyễn Khang,303,Cầu Giấy,"Hình ảnh,video",1 NGỦ,25,"5,500,000 đ",,Có khách,,Full đồ như ảnh,Thịnh,0981074306,,,,,,,,,,,,,,
31,Số 9 Ngõ 367 Nguyễn Khang,401,Cầu Giấy,"Hình ảnh,video",1 NGỦ,25,"5,500,000 đ",,Có khách,,Full đồ như ảnh,,,,,,,,,,,,,,,,
22,Số 9 Ngõ 367 Nguyễn Khang,301,Cầu Giấy,"Hình ảnh,video",1 NGỦ,25,"5,300,000 đ",Tặng 500k chuyển vào,Có khách,,Full đồ như ảnh,Thịnh,0981074306,,,,,,,,,,,,,,
18,Số 9 Ngõ 367 Nguyễn Khang,202,Cầu Giấy,"Hình ảnh,video",1 NGỦ,23,"4,600,000 đ","Tặng CTV 200 khi chốt
Free tiền phòng đến hết 05/07",Có khách,,Full đồ như ảnh,Thịnh,0981074306,,,,,,,,,,,,,,
19,Số 9 Ngõ 367 Nguyễn Khang,401,Cầu Giấy,"Hình ảnh,video","1 NGỦ
Có ban công",25,"5,500,000 đ","Tặng CTV 200 khi chốt
Free tiền phòng đến hết 05/07",Có khách,,Full đồ như ảnh,Thịnh,0981074306,,,,,,,,,,,,,,
11,Số 9 Ngõ 367 Nguyễn Khang,303,Cầu Giấy,"Hình ảnh,video",Studio,30,"5,400,000 đ",Tặng 1000k chuyển vào,Có khách,,Full đồ như ảnh,Bảo Chấn,0934686094,,,,,,,,,,,,,,
12,Số 9 Ngõ 367 Nguyễn Khang,702,Cầu Giấy,"Hình ảnh,video",Studio,25,"4,600,000 đ",Tặng 1000k chuyển vào,Có khách,,Full đồ như ảnh,Bảo Chấn,0934686094,,,,,,,,,,,,,,
18,Số 9 Ngõ 367 Nguyễn Khang,401,Cầu Giấy,"Hình ảnh,video","1 NGỦ
Có ban công",25,"5,400,000 đ",,Có khách,,Full đồ như ảnh,Thịnh,0981074306,,,,,,,,,,,,,,
9,Số 9 Ngõ 367 Nguyễn Khang,601,Cầu Giấy,"Hình ảnh,video","1 NGỦ
Có ban công",25,"5,400,000 đ",,Có khách,,Full đồ như ảnh,Thịnh,0981074306,,,,,,,,,,,,,,
26,Số 9 Ngõ 367 Nguyễn Khang,404,Cầu Giấy,"Hình ảnh,video","1 NGỦ
Có ban công",25,"4,500,000 đ",,Có khách,,Full đồ như ảnh,Thịnh,0981074306,,,,,,,,,,,,,,
,Số 9 Ngõ 367 Nguyễn Khang,504,Cầu Giấy,"Hình ảnh,video",1 NGỦ,25,"4,500,000 đ",,Có khách,,Full đồ như ảnh,Thịnh,,,,,,,,,,,,,,,
7,"Số 9 
Ngõ 367 Nguyễn Khang",201,Cầu Giấy,"Hình ảnh,video",1 NGỦ,28,"5,300,000 đ",,Có khách,,Full đồ như ảnh,,,,,,,,,,,,,,,,
,"Số 9 
Ngõ 367
 Nguyễn Khang",202,Cầu Giấy,"Hinh anh,video",1 NGỦ,23,"4,500,000 đ",https://goo.gl/maps/CAm4S7YtCmd3cGzX9,Có khách￼,,"Đệm, tủ quần áo, điều hòa, nóng lạnh, tủ bếp, hút mùi, bồn rửa bát, 1 bàn 2 ghế ,tivi máy giặt ",,,,,,,,,,,,,,,,
,"Số 9 
Ngõ 367
 Nguyễn Khang",602,Cầu Giấy,"Hinh anh,video",1 NGỦ,23,"4,500,000 đ",https://goo.gl/maps/CAm4S7YtCmd3cGzX9,Có khách￼,,"Đệm, tủ quần áo, điều hòa, nóng lạnh, tủ bếp, hút mùi, bồn rửa bát, 1 bàn 2 ghế ,tivi máy giặt ",,,,,,,,,,,,,,,,
,"Số 9 
Ngõ 367
 Nguyễn Khang",302,Cầu Giấy,"Hinh anh,video",1 NGỦ,23,"4,600,000 đ",https://goo.gl/maps/CAm4S7YtCmd3cGzX9,Có khách￼,,"Đệm, tủ quần áo, điều hòa, nóng lạnh, tủ bếp, hút mùi, bồn rửa bát, 1 bàn 2 ghế ,tivi máy giặt ",,,,,,,,,,,,,,,,
,"Số 9 Ngõ 367 Nguyễn Khang
",503,Cầu Giấy,"Hình ảnh,video",1 NGỦ,30,"5,500,000 đ",,Có khách,,"Đệm, tủ quần áo, điều hòa, nóng lạnh, tủ bếp, hút mùi, bồn rửa bát, 1 bàn 2 ghế,tivi máy giặt để ban công",,,,,,,,,,,,,,,,
,Số 9 Ngõ 367 Nguyễn Khang,304,Cầu Giấy,"Hình ảnh,video",1 NGỦ,25,"4,600,000 đ",https://goo.gl/maps/CAm4S7YtCmd3cGzX9,Có khách￼,,"Đệm, tủ quần áo, điều hòa, nóng lạnh, tủ bếp, hút mùi, bồn rửa bát, 1 bàn 2 ghế ,tivi máy giặt ",,,,,,,,,,,,,,,,
,Số 9 Ngõ 367 Nguyễn Khang,404,Cầu Giấy,"Hình ảnh,video",1 NGỦ,25,"4,600,000 đ",https://goo.gl/maps/CAm4S7YtCmd3cGzX9,Có khách￼,,"Đệm, tủ quần áo, điều hòa, nóng lạnh, tủ bếp, hút mùi, bồn rửa bát, 1 bàn 2 ghế , máy giặt ",,,,,,,,,,,,,,,,
4,Số 9 Ngõ 367 Nguyễn Khang,603,Cầu Giấy,"Hình ảnh,video",1 NGỦ,28,"5,700,000 đ",Ở 3 ko tăng giá.,Có khách,,Full đồ như ảnh,,,,,,,,,,,,,,,,
5,Số 9 Ngõ 367 Nguyễn Khang,503,Cầu Giấy,"Hình ảnh,video",1 NGỦ,28,"5,700,000 đ",,Có khách,,Full đồ như ảnh,,,,,,,,,,,,,,,,
,Số 9 Ngõ 367 Nguyễn Khang,304,Cầu Giấy,"Hình ảnh,video",1 NGỦ,25,"4,600,000 đ",,Có khách,,"Đệm, tủ quần áo, điều hòa, nóng lạnh, tủ bếp, hút mùi, bồn rửa bát, 1 bàn 2 ghế ,tivi máy giặt ",,,,,,,,,,,,,,,,
,Số 9 Ngõ 367 Nguyễn Khang,604,Cầu Giấy,"Hình ảnh,video",1 NGỦ,25,"4,500,000 đ",,Có khách￼,,"Đệm, tủ quần áo, điều hòa, nóng lạnh, tủ bếp, hút mùi, bồn rửa bát, 1 bàn 2 ghế ,tivi máy giặt ",,,,,,,,,,,,,,,,
,Số 9 Ngõ 367 Nguyễn Khang,101,Cầu Giấy,"Hình ảnh,video",1 NGỦ,25,"4,000,000 đ",,Có khách￼,,"Đệm, tủ quần áo, điều hòa, nóng lạnh, tủ bếp, hút mùi, bồn rửa bát, 1 bàn 2 ghế,tivi máy giặt để ban công",,,,,,,,,,,,,,,,
,Số 9 Ngõ 367 Nguyễn Khang,401,Cầu Giấy,"Hình ảnh,video",2 NGỦ,30,"5,500,000 đ",https://goo.gl/maps/CAm4S7YtCmd3cGzX9,Có khách￼,,"Đệm, tủ quần áo, điều hòa, nóng lạnh, tủ bếp, hút mùi, bồn rửa bát, 1 bàn 2 ghế,tivi máy giặt để ban công",,,,,,,,,,,,,,,,
,Số 9 Ngõ 367 Nguyễn Khang,501,Cầu Giấy,"Hình ảnh,video",1 Ngủ,30,"5,500,000 đ",,Có khách￼,,"Đệm, tủ quần áo, điều hòa, nóng lạnh, tủ bếp, hút mùi, bồn rửa bát, 1 bàn 2 ghế,tivi máy giặt để ban công",,,,,,,,,,,,,,,,
,"Số 2
Ngách 70
Ngõ 29 
Khương Hạ",402,Thanh Xuân,"Hình ảnh,video",1 NGỦ+GÁC XÉP,27+ 6 Gác,"4.500.000
4.700.000",,Có khách￼,,"Đệm, tủ quần áo, điều hòa, nóng lạnh, tủ bếp, bàn làm việc,bàn ăn hút mùi, bồn rửa bát, sofa,tivi máy giặt ",,,,,,,,,,,,,,,,
,"Số 48 Ngách 70/2 
ngo 29  Khương Hạ",303,Thanh Xuân,"Hình ảnh,video",1 NGỦ,25,"4.600.000
0",,Có khách￼,,"Đệm, tủ quần áo, điều hòa, nóng lạnh, tủ bếp, bàn làm việc,bàn ăn hút mùi, bồn rửa bát, sofa,tivi máy giặt ",,,,,,,,,,,,,,,,
,"Số 2
Ngách 70
Ngõ 29 
Khương Hạ",301,Thanh Xuân,"Hình ảnh,video",1 NGỦ+GÁC XÉP,27+ 6 Gác,"4.500.000
4.700.000",,Có khách￼,,"Đệm, tủ quần áo, điều hòa, nóng lạnh, tủ bếp, bàn làm việc,bàn ăn hút mùi, bồn rửa bát, sofa,tivi máy giặt ",,,,,,,,,,,,,,,,
,"Số 2
Ngách 70
Ngõ 29 
Khương Hạ",501,Thanh Xuân,"Hình ảnh,video",1 NGỦ+GÁC XÉP,27+ 6 Gác,"4.500.000
4.700.000",,Có khách￼,,"Đệm, tủ quần áo, điều hòa, nóng lạnh, tủ bếp, bàn làm việc,bàn ăn hút mùi, bồn rửa bát, sofa,tivi máy giặt ",,,,,,,,,,,,,,,,
,"Số 48
Hẻm 2
Ngách 70
Ngõ 29 
Khương Hạ",302,Thanh Xuân,"Hình ảnh,video",1 NGỦ+GÁC XÉP,27+ 6 Gác,"4,700,000 đ",,Có khách,,"Đệm, tủ quần áo, điều hòa, nóng lạnh, tủ bếp, bàn làm việc,bàn ăn hút mùi, bồn rửa bát, sofa,tivi máy giặt ",,,,,,,,,,,,,,,,
,"Số 48
Hẻm 2
Ngách 70
Ngõ 29 
Khương Hạ",501,Thanh Xuân,https://drive.google.com/drive/folders/1eOV11QYGiOEwwGKYNiGMS3EcyIAIndxc,1 NGỦ+GÁC XÉP,27+ 6 Gác,"4,600,000 đ","""Điện 4k/số
Nước 32k/1 khối
mạng 80k/phòng
Dịch vụ khác: vệ sinh/điện chung, thang máy, rác 200k/phòng",Có khách,,Full đồ như ảnh,"Bảo Chấn

","0934686094
",,,,,,,,,,,,,,
,"Số 2
Ngách 70
Ngõ 29 
Khương Hạ",703,Thanh Xuân,"Hình ảnh,video",1 NGỦ+GÁC XÉP,27+ 6 Gác,"4.800.000
5.000.000",,Có khách￼,,"Đệm, tủ quần áo, điều hòa, nóng lạnh, tủ bếp, bàn làm việc,bàn ăn hút mùi, bồn rửa bát, sofa,tivi máy giặt ",,,,,,,,,,,,,,,,
,"Số 2
Ngách 70
Ngõ 29 
Khương Hạ",603,Thanh Xuân,"Hình ảnh,video",1 NGỦ+GÁC XÉP,27+ 6 Gác,"4.800.000
5.000.000",,Có khách￼,,"Đệm, tủ quần áo, điều hòa, nóng lạnh, tủ bếp, bàn làm việc,bàn ăn hút mùi, bồn rửa bát, sofa,tivi máy giặt ",,,,,,,,,,,,,,,,
22,"Số 48 Ngách 70/2 
ngo 29  Khương Hạ",702,Thanh Xuân,"Hình ảnh,video",1 NGỦ+GÁC XÉP,27+ 6 Gác,"4.600.000
4.700.000",,có khách￼,,"Đệm, tủ quần áo, điều hòa, nóng lạnh, tủ bếp, bàn làm việc,bàn ăn hút mùi, bồn rửa bát, sofa,tivi máy giặt ",,,,,,,,,,,,,,,,
,"Số 2
Ngách 70
Ngõ 29 
Khương Hạ",604,Thanh Xuân,"Hình ảnh,video",1 NGỦ+GÁC XÉP,27+ 6 Gác,"4,600,000 đ",,Có khách￼,,"Đệm, tủ quần áo, điều hòa, nóng lạnh, tủ bếp, bàn làm việc,bàn ăn hút mùi, bồn rửa bát, sofa,tivi máy giặt ",,,,,,,,,,,,,,,,
,"12/ 66 Ngõ giếng
Ô Chợ Dừa",803,Đống Đa,"Hình ảnh,video",1 NGỦ,30,"6,000,000 đ",,Có khách,,Full đồ như ảnh,Tùng,0357992605,,,,,,,,,,,,,,
,"Số 2
Ngách 70
Ngõ 29 
Khương Hạ",502,Thanh Xuân,"Hình ảnh,video",1 NGỦ+GÁC XÉP,27+ 6 Gác,"4.500.000
4.700.000",,Có khách,,Full đồ như ảnh,,,,,,,,,,,,,,,,
37,"Số 25
Ngõ 230
Lạc Trung",602,Hai bà trưng,"Hình ảnh, video",1 NGỦ+GÁC XÉP,"23
7","5,000,000 đ",https://goo.gl/maps/447tYHsWbRvYdoCq7,Sửa Chữa,,Full đồ như ảnh,Bảo Chấn,0934686094,,,,,,,,,,,,,,
30,"Số 9 ngách 11
ngõ 146 
Vương Thừa Vũ",201,Thanh Xuân,"Hình ảnh, video",2 NGỦ,"Sàn 40
","7,800,000 đ",áp dụng ct free tiền nhà tháng 05,Có khách,,Full đồ như ảnh,Bảo Chấn,Bảo Chấn,,,,,,,,,,,,,,
24,"Số 11 ngách 11
ngõ 146 
Vương Thừa Vũ",305,Thanh Xuân,"Hình ảnh, video",1 NGỦ+GÁC XÉP,"Sàn 26
Gác 8","5,500,000 đ","Tặng CTV 200 khi chốt
Free tiền phòng đến hết 05/07",Có khách,,Full đồ như ảnh,Bảo Chấn,,,,,,,,,,,,,,,
28,"Số 11 ngách 11
ngõ 146 
Vương Thừa Vũ",402,Thanh Xuân,"Hình ảnh, video",1 NGỦ+GÁC XÉP,"Sàn 26
Gác 8","5,500,000 đ",,Có khách,,Full đồ như ảnh,Bảo Chấn,0934686094,,,,,,,,,,,,,,
33,"Số 9 ngách 11
ngõ 146 
Vương Thừa Vũ",302,Thanh Xuân,"Hình ảnh, video",1 NGỦ+GÁC XÉP,"Sàn 26
Gác 8","5,000,000 đ","áp dụng ct free tiền nhà tháng 05
Tặng 500k chuyển vào",Có khách,,Full đồ như ảnh,Bảo Chấn,0934686094,,,,,,,,,,,,,,
34,"Số 9 ngách 11
ngõ 146 
Vương Thừa Vũ",402,Thanh Xuân,"Hình ảnh, video",1 NGỦ+GÁC XÉP,"Sàn 26
Gác 8","5,000,000 đ","áp dụng ct free tiền nhà tháng 05
Tặng 500k chuyển vào",Có khách,,Full đồ như ảnh,Bảo Chấn,0934686094,,,,,,,,,,,,,,
36,"Số 9 ngách 11
ngõ 146 
Vương Thừa Vũ",501,Thanh Xuân,"Hình ảnh, video",1 NGỦ+GÁC XÉP,"Sàn 26
Gác 8","5,600,000 đ",Tặng CTV 300k khi chốt,Có khách,,Full đồ như ảnh,Bảo Chấn,0934686094,,,,,,,,,,,,,,
33,"Số 11 ngách 11
ngõ 146 
Vương Thừa Vũ",301,Thanh Xuân,"Hình ảnh, video",1 NGỦ+GÁC XÉP,"Sàn 26
Gác 8","5,400,000 đ",,Có khách,,Full đồ như ảnh,Bảo Chấn,0934686094,,,,,,,,,,,,,,
32,"Số 11 ngách 11
ngõ 146 
Vương Thừa Vũ",304,Thanh Xuân,"Hình ảnh, video",1 NGỦ+GÁC XÉP,"Sàn 26
Gác 8","5,400,000 đ",Tặng 500k chuyển vào,Có khách,,Full đồ như ảnh,Bảo Chấn,0934686094,,,,,,,,,,,,,,
36,"Số 11 ngách 11
ngõ 146 
Vương Thừa Vũ",305,Thanh Xuân,"Hình ảnh, video",1 NGỦ+GÁC XÉP,"Sàn 26
Gác 8","5,400,000 đ",Tặng 500k chuyển vào,Có khách,,Full đồ như ảnh,Bảo Chấn,0934686094,,,,,,,,,,,,,,
35,"Số 11 ngách 11
ngõ 146 
Vương Thừa Vũ",405,Thanh Xuân,"Hình ảnh, video",1 NGỦ+GÁC XÉP,"Sàn 26
Gác 8","5,400,000 đ",Tặng 1000k chuyển vào,có khách,,Full đồ như ảnh,Bảo Chấn,0934686094,,,,,,,,,,,,,,
8,"Số 11 ngách 11
ngõ 146 
Vương Thừa Vũ",502,Thanh Xuân,"Hình ảnh, video",1 NGỦ+GÁC XÉP,"Sàn 26
Gác 8","5,600,000 đ",,Có khách,,Full đồ như ảnh,Bảo Chấn,0934686094,,,,,,,,,,,,,,
56,"Số 11 ngách 11
ngõ 146 
Vương Thừa Vũ",601,Thanh Xuân,"Hình ảnh, video",1 NGỦ+GÁC XÉP,"Sàn 26
Gác 8","5,600,000 đ",Tặng 1000k chuyển vào,Có khách,,Full đồ như ảnh,Bảo Chấn,,,,,,,,,,,,,,,
,"Số 11 ngách 11
ngõ 146 
Vương Thừa Vũ",604,Thanh Xuân,"Hình ảnh, video",1 NGỦ+GÁC XÉP,"Sàn 26
Gác 8","5,700,000 đ",Tặng 1000k chuyển vào,Có khách,,Full đồ như ảnh,Bảo Chấn,,,,,,,,,,,,,,,
,"Số 9 ngách 11
ngõ 146 
Vương Thừa Vũ",301,Thanh Xuân,"Hình ảnh, video",1 NGỦ+GÁC XÉP,"Sàn 26
Gác 8","5,500,000 đ",Tặng 500k chuyển vào,Có khách,,Full đồ như ảnh,Bảo Chấn,,,,,,,,,,,,,,,
,"Số 11 ngách 11
ngõ 146 
Vương Thừa Vũ",603,Thanh Xuân,"Hình ảnh, video",1 NGỦ+GÁC XÉP,"Sàn 26
Gác 8","5,700,000 đ",29/02,Có khách,,Full đồ như ảnh,,,,,,,,,,,,,,,,
,"Số 11 ngách 11
ngõ 146 
Vương Thừa Vũ",503,Thanh Xuân,"Hình ảnh, video",1 NGỦ+GÁC XÉP,"Sàn 26
Gác 8","5,500,000 đ",Tặng 500k chuyển vào,Có khách,,Full đồ như ảnh,,,,,,,,,,,,,,,,
,"Số 10 
Ngách 61 
Ngõ 88 Giáp Nhị",702,Hoàng Mai,"Hình ảnh,video",1 NGỦ+GÁC XÉP,28,"4,800,000 đ",,Có khách￼,,"Đệm, tủ quần áo , điều hòa, nóng lạnh, tủ bếp,bàn ăn hút mùi, bồn rửa bát, sofa, máy giặt ",,,,,,,,,,,,,,,,
,"Số 10 
Ngách 61 
Ngõ 88 Giáp Nhị",508,Hoàng Mai,"Hình ảnh,video",1 NGỦ+GÁC XÉP,28,"4,800,000 đ",,Có khách￼,,"Đệm, tủ quần áo , điều hòa, nóng lạnh, tủ bếp,bàn ăn hút mùi, bồn rửa bát, sofa, máy giặt ",,,,,,,,,,,,,,,,
,"Số 10 
Ngách 61 
Ngõ 88 Giáp Nhị",202,Hoàng Mai,"Hình ảnh,video",1 NGỦ+GÁC XÉP,28,"4,600,000 đ",,Có khách,,"Đệm, tủ quần áo , điều hòa, nóng lạnh, tủ bếp,bàn ăn hút mùi, bồn rửa bát, sofa, máy giặt ",,,,,,,,,,,,,,,,
,"Số 10 
Ngách 61 
Ngõ 88 Giáp Nhị",302,Hoàng Mai,"Hình ảnh,video",1 NGỦ+GÁC XÉP,28,"4,700,000 đ",,Có khách,,"Đệm, tủ quần áo , điều hòa, nóng lạnh, tủ bếp,bàn ăn hút mùi, bồn rửa bát, sofa, máy giặt ",,,,,,,,,,,,,,,,
,"Số 9 
Ngõ 367 Nguyễn Khang",701,Cầu Giấy,"Hình ảnh,video",1 NGỦ,30,"5,700,000 đ",Tặng 1tr kí hđ trước 25/4,Có khách,,"Đệm, tủ quần áo, điều hòa, nóng lạnh, tủ bếp, hút mùi, bồn rửa bát, 1 bàn 2 ghế,tivi máy giặt để ban công",,,,,,,,,,,,,,,,
,"Số 10 
Ngách 61 
Ngõ 88 Giáp Nhị",205,Hoàng Mai,"Hình ảnh,video",1 NGỦ+GÁC XÉP,28,"4,800,000 đ",,Có khách￼,,"Đệm, tủ quần áo , điều hòa, nóng lạnh, tủ bếp,bàn ăn hút mùi, bồn rửa bát, sofa, máy giặt ",,,,,,,,,,,,,,,,
,"Số 10 
Ngách 61 
Ngõ 88 Giáp Nhị",507,Hoàng Mai,"Hình ảnh,video",1 NGỦ+GÁC XÉP,28,"4,800,000 đ",,Có khách￼,,"Đệm, tủ quần áo , điều hòa, nóng lạnh, tủ bếp,bàn ăn hút mùi, bồn rửa bát, sofa, máy giặt ",,,,,,,,,,,,,,,,
,"Số 10 
Ngách 61 
Ngõ 88 Giáp Nhị",306,Hoàng Mai,"Hình ảnh,video",1 NGỦ+GÁC XÉP,28,"4,500,000 đ",,Có khách￼,,"Đệm, tủ quần áo , điều hòa, nóng lạnh, tủ bếp,bàn ăn hút mùi, bồn rửa bát, sofa, máy giặt ",,,,,,,,,,,,,,,,
,"Số 10 
Ngách 61 
Ngõ 88 Giáp Nhị",306,Hoàng Mai,"Hình ảnh,video",1 NGỦ+GÁC XÉP,28,"4,500,000 đ",,có khách,,Full đồ như ảnh,,,,,,,,,,,,,,,,
,"Số 10 
Ngách 61 
Ngõ 88 Giáp Nhị",608,Hoàng Mai,"Hình ảnh,video",1 NGỦ+GÁC XÉP,28,"4,700,000 đ",,Có khách￼,,"Đệm, tủ quần áo , điều hòa, nóng lạnh, tủ bếp,bàn ăn hút mùi, bồn rửa bát, sofa, máy giặt ",,,,,,,,,,,,,,,,
,"Số 52
Ngõ 173
 Hoàng Hoa Thám",307,Ba Đình,"Hình ảnh,video",1 NGỦ+GÁC XÉP,25,"4,800,000 đ",,Có khách￼,,"Đệm, tủ quần áo , điều hòa, nóng lạnh, tủ lạnh, tủ bếp,bàn ăn hút mùi, bồn rửa bát, sofa, máy giặt ",,,,,,,,,,,,,,,,
,"Số 52
Ngõ 173
 Hoàng Hoa Thám",601,Ba Đình,"Hình ảnh,video",1 NGỦ+GÁC XÉP,25,"4,600,000 đ",,Có khách￼,,"Đệm, tủ quần áo , điều hòa, nóng lạnh, tủ lạnh, tủ bếp,bàn ăn hút mùi, bồn rửa bát, sofa, máy giặt ",,,,,,,,,,,,,,,,
,"Số 52
Ngõ 173
 Hoàng Hoa Thám",602,Ba Đình,"Hình ảnh,video",1 NGỦ+GÁC XÉP,25,"4,600,000 đ",,Có khách￼,,"Đệm, tủ quần áo , điều hòa, nóng lạnh, tủ lạnh, tủ bếp,bàn ăn hút mùi, bồn rửa bát, sofa, máy giặt ",,,,,,,,,,,,,,,,
,"Số 52
Ngõ 173
 Hoàng Hoa Thám",703,Ba Đình,"Hình ảnh,video",1 NGỦ+GÁC XÉP,25,"4,700,000 đ",,Có khách￼,,"Đệm, tủ quần áo , điều hòa, nóng lạnh, tủ lạnh, tủ bếp,bàn ăn hút mùi, bồn rửa bát, sofa, máy giặt ",,,,,,,,,,,,,,,,
,"Số 48 
Ngõ 79 mễ trì thượng",303,Nam Từ Liêm,"Hình ảnh,video",1 NGỦ+ GÁC XÉP,24+6 GÁC,"4,500,000 đ",,Có khách￼,,"Đệm, tủ quần áo, điều hòa, nóng lạnh, tủ bếp, hút mùi, bồn rửa bát, sofa,tivi máy giặt ",,,,,,,,,,,,,,,,
,"Số 10 
Ngách 61 
Ngõ 88 Giáp Nhị",701,Hoàng Mai,"Hình ảnh,video",1 NGỦ+GÁC XÉP,28,"4,800,000 đ",,Có khách￼,,"Đệm, tủ quần áo , điều hòa, nóng lạnh, tủ bếp,bàn ăn hút mùi, bồn rửa bát, sofa, máy giặt ",,,,,,,,,,,,,,,,
,"Số 52
Ngõ 173
 Hoàng Hoa Thám",704,Ba Đình,"Hình ảnh,video",1 NGỦ+GÁC XÉP,"25
7","4,600,000 đ",,Có khách,,"Đệm, tủ quần áo , điều hòa, nóng lạnh, tủ lạnh, tủ bếp,bàn ăn hút mùi, bồn rửa bát, sofa, máy giặt ",,,,,,,,,,,,,,,,
,"Số 52
Ngõ 173
 Hoàng Hoa Thám",602,Ba Đình,"Hình ảnh,video",1 NGỦ+GÁC XÉP,"25
7","4,600,000 đ",,Có khách￼,,"Đệm, tủ quần áo , điều hòa, nóng lạnh, tủ lạnh, tủ bếp,bàn ăn hút mùi, bồn rửa bát, sofa, máy giặt ",,,,,,,,,,,,,,,,
,"Số 52
Ngõ 173
 Hoàng Hoa Thám",506,Ba Đình,"Hình ảnh,video",1 NGỦ+GÁC XÉP,"25
7","4,600,000 đ",,Có khách￼,,"Đệm, tủ quần áo , điều hòa, nóng lạnh, tủ lạnh, tủ bếp,bàn ăn hút mùi, bồn rửa bát, sofa, máy giặt ",,,,,,,,,,,,,,,,
,"Số 52
Ngõ 173
 Hoàng Hoa Thám",501,Ba Đình,"Hình ảnh,video",1 NGỦ+GÁC XÉP,"25
7","4,600,000 đ",,Có khách￼,,"Đệm, tủ quần áo , điều hòa, nóng lạnh, tủ lạnh, tủ bếp,bàn ăn hút mùi, bồn rửa bát, sofa, máy giặt ",,,,,,,,,,,,,,,,
,"Số 52
Ngõ 173
 Hoàng Hoa Thám",408,Ba Đình,"Hình ảnh,video",1 NGỦ+GÁC XÉP,"35
7","5,800,000 đ",,Có khách￼,,"Đệm, tủ quần áo , điều hòa, nóng lạnh, tủ lạnh, tủ bếp,bàn ăn hút mùi, bồn rửa bát, sofa, máy giặt ",,,,,,,,,,,,,,,,
,"Số 10 
ngõ 118 
Vương Thừa Vũ",302,Thanh Xuân,"Hình ảnh, video",1 NGỦ+GÁC XÉP,26+6 GÁC,"5,700,000 đ",,Có khách￼,,"Đệm, tủ quần áox, điều hòa, nóng lạnh, tủ bếp, ,bàn ăn hút mùi, bồn rửa bát, sofa, máy giặt ",,,,,,,,,,,,,,,,
,"Số 10 
ngõ 118 
Vương Thừa Vũ",402,Thanh Xuân,"Hình ảnh, video",1 NGỦ+GÁC XÉP,26+6 GÁC,"5,700,000 đ",,Có khách￼,,"Đệm, tủ quần áox, điều hòa, nóng lạnh, tủ bếp, ,bàn ăn hút mùi, bồn rửa bát, sofa, máy giặt ",,,,,,,,,,,,,,,,
,12/ 66 Ngõ giếng,603,Đống Đa,"Hình ảnh,video",1 NGỦ,30,"6,000,000 đ",,Có khách￼,,"Giường, tủ quần áo, điều hòa, nóng lạnh, tủ bếp, bàn ăn,tivi hút mùi, bồn rửa bát, sofa,tivi máy giặt ",,,,,,,,,,,,,,,,
,"Số 28 
Ngõ 242 Láng",502,"Đống Đa
","Hình ảnh,video",1 NGỦ,30,"5,800,000 đ",,Có khách￼,,"Giường, tủ quần áo, điều hòa, nóng lạnh, tủ bếp, bàn ăn,tivi hút mùi, bồn rửa bát, sofa,tivi máy giặt ",,,,,,,,,,,,,,,,
,"Số 7 
Ngách 70
Ngõ 29 Khương Hạ",205,Thanh Xuân,"Link ảnh,video","1 Ngủ
1 Gác Xép","Sàn 26
Gác 8","5,400,000 đ",,Có khách￼,,"Nệm, tủ quần áo, điều hòa, nóng lạnh, tủ lạnh, tủ bếp, bếp từ, hút mùi, sofa, máy giặt , rèm,giàn phơi",,,,,,,,,,,,,,,,
,"Số 7 
Ngách 70
Ngõ 29 Khương Hạ",703,Thanh Xuân,,"1 Ngủ
1 Gác Xép","Sàn 26
Gác 8","5,600,000 đ",,Có khách,,"Nệm, tủ quần áo, điều hòa, nóng lạnh, tủ lạnh, tủ bếp, bếp từ, hút mùi, sofa, máy giặt , rèm,giàn phơi",,,,,,,,,,,,,,,,
,"Số 7 
Ngách 70
Ngõ 29 Khương Hạ",704,Thanh Xuân,,"1 Ngủ
1 Gác Xép","Sàn 26
Gác 8","5,600,000 đ",,Có khách,,"Nệm, tủ quần áo, điều hòa, nóng lạnh, tủ lạnh, tủ bếp, bếp từ, hút mùi, sofa, máy giặt , rèm,giàn phơi",,,,,,,,,,,,,,,,
,"Số 7 
Ngách 70
Ngõ 29 Khương Hạ",303,Thanh Xuân,"Link ảnh,video","1 Ngủ
1 Gác Xép","Sàn 26
Gác 8","5,500,000 đ",,Có khách￼,,"Nệm, tủ quần áo, điều hòa, nóng lạnh, tủ lạnh, tủ bếp, bếp từ, hút mùi, sofa, máy giặt , rèm,giàn phơi",,,,,,,,,,,,,,,,
,"Số 7 
Ngách 70
Ngõ 29 Khương Hạ",403,Thanh Xuân,"Link ảnh,video","1 Ngủ
1 Gác Xép","Sàn 26
Gác 8","5,500,000 đ",,Có khách￼,,"Nệm, tủ quần áo, điều hòa, nóng lạnh, tủ lạnh, tủ bếp, bếp từ, hút mùi, sofa, máy giặt , rèm,giàn phơi",,,,,,,,,,,,,,,,
7,"Số 7 
Ngách 70
Ngõ 29 Khương Hạ",501,Thanh Xuân,"Link ảnh,video",1 NGỦ+GÁC XÉP,"Sàn 30
Gác 8","6,000,000 đ",,Có khách,,Full đồ như ảnh,,,,,,,,,,,,,,,,
11,"Số 7 
Ngách 70
Ngõ 29 Khương Hạ",602,Thanh Xuân,"Link ảnh,video",1 NGỦ+GÁC XÉP,"Sàn 30
Gác 8","6,500,000 đ",,Có khách,,Full đồ như ảnh,,,,,,,,,,,,,,,,
,"Số 7 
Ngách 70
Ngõ 29 Khương Hạ",306,Thanh Xuân,,"1 Ngủ
1 Gác Xép","Sàn 26
Gác 8","5,900,000 đ",,Có khách￼,,"Nệm, tủ quần áo, điều hòa, nóng lạnh, tủ lạnh, tủ bếp, bếp từ, hút mùi, sofa, máy giặt , rèm,giàn phơi",,,,,,,,,,,,,,,,
,"Số 7 
Ngách 70
Ngõ 29 Khương Hạ",403,Thanh Xuân,"Link ảnh,video","1 Ngủ
1 Gác Xép","Sàn 26
Gác 8","5,700,000 đ",,Có khách￼,,"Nệm, tủ quần áo, điều hòa, nóng lạnh, tủ lạnh, tủ bếp, bếp từ, hút mùi, sofa, máy giặt , rèm,giàn phơi",,,,,,,,,,,,,,,,
,"Số 7 
Ngách 70
Ngõ 29 Khương Hạ",404,Thanh Xuân,"Link ảnh,video","1 Ngủ
1 Gác Xép","Sàn 26
Gác 8","5,500,000 đ",,Có khách￼,,"Nệm, tủ quần áo, điều hòa, nóng lạnh, tủ lạnh, tủ bếp, bếp từ, hút mùi, sofa, máy giặt , rèm,giàn phơi",,,,,,,,,,,,,,,,
,"Số 7 
Ngách 70
Ngõ 29 Khương Hạ",405,Thanh Xuân,"Link ảnh,video","1 Ngủ
1 Gác Xép","Sàn 26
Gác 8","5,500,000 đ",,Có khách￼,,"Nệm, tủ quần áo, điều hòa, nóng lạnh, tủ lạnh, tủ bếp, bếp từ, hút mùi, sofa, máy giặt , rèm,giàn phơi",,,,,,,,,,,,,,,,
,"Số 7 
Ngách 70
Ngõ 29 Khương Hạ",503,Thanh Xuân,"Link ảnh,video","1 Ngủ
1 Gác Xép","Sàn 26
Gác 8","5,700,000 đ",,Có khách￼,,"Nệm, tủ quần áo, điều hòa, nóng lạnh, tủ lạnh, tủ bếp, bếp từ, hút mùi, sofa, máy giặt , rèm,giàn phơi",,,,,,,,,,,,,,,,
,"Số 7 
Ngách 70
Ngõ 29 Khương Hạ",504,Thanh Xuân,"Link ảnh,video","1 Ngủ
1 Gác Xép","Sàn 26
Gác 8","5,700,000 đ",,Có khách￼,,"Nệm, tủ quần áo, điều hòa, nóng lạnh, tủ lạnh, tủ bếp, bếp từ, hút mùi, sofa, máy giặt , rèm,giàn phơi",,,,,,,,,,,,,,,,
,"Số 7 
Ngách 70
Ngõ 29 Khương Hạ",505,Thanh Xuân,"Link ảnh,video","1 Ngủ
1 Gác Xép","Sàn 26
Gác 8","5,500,000 đ",,Có khách￼,,"Nệm, tủ quần áo, điều hòa, nóng lạnh, tủ lạnh, tủ bếp, bếp từ, hút mùi, sofa, máy giặt , rèm,giàn phơi",,,,,,,,,,,,,,,,
,"Số 7 
Ngách 70
Ngõ 29 Khương Hạ",604,Thanh Xuân,"Link ảnh,video","1 Ngủ
1 Gác Xép","Sàn 26
Gác 8","5,700,000 đ",,Có khách￼,,"Nệm, tủ quần áo, điều hòa, nóng lạnh, tủ lạnh, tủ bếp, bếp từ, hút mùi, sofa, máy giặt , rèm,giàn phơi",,,,,,,,,,,,,,,,
,"Số 10
66 Ngõ Giếng
Đông Các,Ô Chợ Dừa",501,Đống Đa,"Hình ảnh, video","1 Ngủ
","Sàn 28
","6,000,000 đ",,Có khách￼,,"Nệm, tủ quần áo, điều hòa, nóng lạnh, tủ lạnh, tủ bếp, bếp từ, hút mùi, sofa, máy giặt , rèm,giàn phơi",,,,,,,,,,,,,,,,
14,"Số 11 ngách 11
ngõ 146 
Vương Thừa Vũ",505,Thanh Xuân,"Hình ảnh, video",1 NGỦ+GÁC XÉP,"Sàn 26
Gác 8","5,600,000 đ",,có khách,,Full đồ như ảnh,,,,,,,,,,,,,,,,
18,"Số 11 ngách 11
ngõ 146 
Vương Thừa Vũ",201,Thanh Xuân,"Hình ảnh,video",1 NGỦ+1 KHÁCH,38,"6,500,000 đ",,có khách,,Full đồ như ảnh,,,,,,,,,,,,,,,,
,28 Ngõ 242 Đường Láng,703,Đống Đa,https://drive.google.com/drive/u/0/folders/1BwCvSOdBFvqL4x55Xo71_9-d4H9tUNZU,1 NGỦ,30,"5,500,000 đ","""Dịch vụ 300k/1 phòng
Mạng:100k/phòng
Dịch vụ chung: 200k/1 phòng
(Thang máy, Thu rác, gửi xe, điện chung, free 2 xe).
Xe thứ 3: 80k""",Có khách,,Full đồ như ảnh,Tùng,0357992605,Căn đối tác,,,,,,,,,,,,,
,"ngõ 184/41 hoa bằng
",301,Cầu Giấy,T3,"Studio 
",24m,"3,700,000 đ","Điện 3k5/1 số
DV: Net 100k/ phòng
Nước chia đầu người
Ưu tiên ở 2",Có khách,,Full đồ như ảnh,Sơn,0363235763,Căn lên hộ,,,,,,,,,,,,,
,1194 Đường Láng,403( fix),Đống Đa,https://drive.google.com/drive/folders/1CJWyYFlDAOOPII5V_MwTRN2Ay2F9454E,"Studio 
",25,"5,000,000","Điện 4k/số
Nước 32k/1 khối
mạng 100k/phòng
Dịch vụ khác: vệ sinh/điện chung, thang máy, rác 120.000/người
Không nuôi chó, tối đa ở 4, không xe điện, không người nước ngoài",trống,,Full đồ như ảnh,"Bảo Chấn
9x","0934686094
0967691507",,,,,,,,,,,,,,
,1194 Đường Láng,603,Đống Đa,https://drive.google.com/drive/folders/1PFIvVTx1NX9fwDT32LfsIh04tAYbG-pi,"Studio 
",25,"5,000,000","Điện 4k/số
Nước 32k/1 khối
mạng 100k/phòng
Dịch vụ khác: vệ sinh/điện chung, thang máy, rác 120.000/người
Không nuôi chó, tối đa ở 4, không xe điện, không người nước ngoài",Có khách,,Full đồ như ảnh,Bảo Chấn,0934686094,,,,,,,,,,,,,,
,Số 73 Ngõ 189 Nguyễn Ngọc Vũ,01/11 update ảnh,,,,,,,,,,,,,,,,,,,,,,,,,
73,111 Âu Cơ,Tầng 1-2-3-4-,Tây Hồ,https://drive.google.com/drive/folders/1oeIeNUPOFgUuNm0wD2nzjeg-O1v7b5Fh,Studio,32,"7,200,000 đ","Điện 4k/số
Nước 32k/1 khối
mạng 100k/phòng
Dịch vụ khác: vệ sinh/điện chung, thang máy, rác 120.000/người
",Trống,,Full đồ như ảnh,Kiên,0967691507,,,,,,,,,,,,,,
74,111 Âu Cơ,Tầng 5-6-7,Tây Hồ,https://drive.google.com/drive/folders/1fdLqnhr1vxmr6DVJf4D4Pvi8O6Wui9QL,Studio,34,"7,500,000 đ","Điện 4k/số
Nước 32k/1 khối
mạng 100k/phòng
Dịch vụ khác: vệ sinh/điện chung, thang máy, rác 120.000/người
",Trống,,Full đồ như ảnh,Kiên,0967691507,,,,,,,,,,,,,,
79,110 ngõ 242 đường láng,401,Đống Đa,"Hình ảnh, video",1 ngủ 1 khách,36,"7,000,000 đ","Điện 4k/số
Nước 32k/1 khối
mạng 100k/phòng
Dịch vụ khác: vệ sinh/điện chung, thang máy, rác 150.000/người",Trống,,Full đồ như ảnh,Tùng,0357992605,,,,,,,,,,,,,,
85,46 Ngõ 84 Hoàng Ngân,56-46-36-26,Cầu Giấy,https://drive.google.com/drive/folders/1IKfyypZolSlUA1tciYN_slbOlW98wEBg,Studio,23,5tr3-5tr6,"Điện 4k/số
Nước 32k/1 khối
mạng 100k/phòng
Dịch vụ khác: vệ sinh/điện chung, thang máy, rác 120.000/người",Trống,,"Full đồ như ảnh
+ thêm 2 ghế ăn và bàn ăn","Bảo Chấn
Trung Kiên","0934686094
0967691507",,,,,,,,,,,,,,
88,,,,,,,,,,,,,,,,,,,,,,,,,,,
89,,,,,,,,,,,,,,,,,,,,,,,,,,,
90,,,,,,,,,,,,,,,,,,,,,,,,,,,
91,,,,,,,,,,,,,,,,,,,,,,,,,,,
92,,,,,,,,,,,,,,,,,,,,,,,,,,,
93,,,,,,,,,,,,,,,,,,,,,,,,,,,
94,,,,,,,,,,,,,,,,,,,,,,,,,,,
95,,,,,,,,,,,,,,,,,,,,,,,,,,,
96,,,,,,,,,,,,,,,,,,,,,,,,,,,
97,,,,,,,,,,,,,,,,,,,,,,,,,,,
98,,,,,,,,,,,,,,,,,,,,,,,,,,,
99,,,,,,,,,,,,,,,,,,,,,,,,,,,
100,,,,,,,,,,,,,,,,,,,,,,,,,,,
101,,,,,,,,,,,,,,,,,,,,,,,,,,,
102,,,,,,,,,,,,,,,,,,,,,,,,,,,
103,,,,,,,,,,,,,,,,,,,,,,,,,,,
104,,,,,,,,,,,,,,,,,,,,,,,,,,,
105,,,,,,,,,,,,,,,,,,,,,,,,,,,
106,,,,,,,,,,,,,,,,,,,,,,,,,,,
107,,,,,,,,,,,,,,,,,,,,,,,,,,,
108,,,,,,,,,,,,,,,,,,,,,,,,,,,
109,,,,,,,,,,,,,,,,,,,,,,,,,,,
110,,,,,,,,,,,,,,,,,,,,,,,,,,,
111,,,,,,,,,,,,,,,,,,,,,,,,,,,
112,,,,,,,,,,,,,,,,,,,,,,,,,,,
113,,,,,,,,,,,,,,,,,,,,,,,,,,,
114,,,,,,,,,,,,,,,,,,,,,,,,,,,
115,,,,,,,,,,,,,,,,,,,,,,,,,,,
116,,,,,,,,,,,,,,,,,,,,,,,,,,,
117,,,,,,,,,,,,,,,,,,,,,,,,,,,
118,,,,,,,,,,,,,,,,,,,,,,,,,,,
119,,,,,,,,,,,,,,,,,,,,,,,,,,,
120,,,,,,,,,,,,,,,,,,,,,,,,,,,
121,,,,,,,,,,,,,,,,,,,,,,,,,,,
122,,,,,,,,,,,,,,,,,,,,,,,,,,,
123,,,,,,,,,,,,,,,,,,,,,,,,,,,
124,,,,,,,,,,,,,,,,,,,,,,,,,,,
125,,,,,,,,,,,,,,,,,,,,,,,,,,,
126,,,,,,,,,,,,,,,,,,,,,,,,,,,
127,,,,,,,,,,,,,,,,,,,,,,,,,,,
128,,,,,,,,,,,,,,,,,,,,,,,,,,,
129,,,,,,,,,,,,,,,,,,,,,,,,,,,
130,,,,,,,,,,,,,,,,,,,,,,,,,,,
131,,,,,,,,,,,,,,,,,,,,,,,,,,,
132,,,,,,,,,,,,,,,,,,,,,,,,,,,
133,,,,,,,,,,,,,,,,,,,,,,,,,,,
134,,,,,,,,,,,,,,,,,,,,,,,,,,,
135,,,,,,,,,,,,,,,,,,,,,,,,,,,
136,,,,,,,,,,,,,,,,,,,,,,,,,,,
137,,,,,,,,,,,,,,,,,,,,,,,,,,,
138,,,,,,,,,,,,,,,,,,,,,,,,,,,
139,,,,,,,,,,,,,,,,,,,,,,,,,,,
140,,,,,,,,,,,,,,,,,,,,,,,,,,,
141,,,,,,,,,,,,,,,,,,,,,,,,,,,
142,,,,,,,,,,,,,,,,,,,,,,,,,,,
143,,,,,,,,,,,,,,,,,,,,,,,,,,,
144,,,,,,,,,,,,,,,,,,,,,,,,,,,
145,,,,,,,,,,,,,,,,,,,,,,,,,,,
146,,,,,,,,,,,,,,,,,,,,,,,,,,,
147,,,,,,,,,,,,,,,,,,,,,,,,,,,
148,,,,,,,,,,,,,,,,,,,,,,,,,,,
149,,,,,,,,,,,,,,,,,,,,,,,,,,,
150,,,,,,,,,,,,,,,,,,,,,,,,,,,
151,,,,,,,,,,,,,,,,,,,,,,,,,,,
152,,,,,,,,,,,,,,,,,,,,,,,,,,,
153,,,,,,,,,,,,,,,,,,,,,,,,,,,
154,,,,,,,,,,,,,,,,,,,,,,,,,,,
155,,,,,,,,,,,,,,,,,,,,,,,,,,,
156,,,,,,,,,,,,,,,,,,,,,,,,,,,
157,,,,,,,,,,,,,,,,,,,,,,,,,,,
158,,,,,,,,,,,,,,,,,,,,,,,,,,,
159,,,,,,,,,,,,,,,,,,,,,,,,,,,
160,,,,,,,,,,,,,,,,,,,,,,,,,,,
161,,,,,,,,,,,,,,,,,,,,,,,,,,,
162,,,,,,,,,,,,,,,,,,,,,,,,,,,
163,,,,,,,,,,,,,,,,,,,,,,,,,,,
164,,,,,,,,,,,,,,,,,,,,,,,,,,,
165,,,,,,,,,,,,,,,,,,,,,,,,,,,
166,,,,,,,,,,,,,,,,,,,,,,,,,,,
167,,,,,,,,,,,,,,,,,,,,,,,,,,,
168,,,,,,,,,,,,,,,,,,,,,,,,,,,
169,,,,,,,,,,,,,,,,,,,,,,,,,,,
170,,,,,,,,,,,,,,,,,,,,,,,,,,,
171,,,,,,,,,,,,,,,,,,,,,,,,,,,
172,,,,,,,,,,,,,,,,,,,,,,,,,,,
173,,,,,,,,,,,,,,,,,,,,,,,,,,,
174,,,,,,,,,,,,,,,,,,,,,,,,,,,
175,,,,,,,,,,,,,,,,,,,,,,,,,,,
176,,,,,,,,,,,,,,,,,,,,,,,,,,,
177,,,,,,,,,,,,,,,,,,,,,,,,,,,
178,,,,,,,,,,,,,,,,,,,,,,,,,,,
179,,,,,,,,,,,,,,,,,,,,,,,,,,,
180,,,,,,,,,,,,,,,,,,,,,,,,,,,
181,,,,,,,,,,,,,,,,,,,,,,,,,,,
182,,,,,,,,,,,,,,,,,,,,,,,,,,,
183,,,,,,,,,,,,,,,,,,,,,,,,,,,
184,,,,,,,,,,,,,,,,,,,,,,,,,,,
185,,,,,,,,,,,,,,,,,,,,,,,,,,,
186,,,,,,,,,,,,,,,,,,,,,,,,,,,
187,,,,,,,,,,,,,,,,,,,,,,,,,,,
188,,,,,,,,,,,,,,,,,,,,,,,,,,,
189,,,,,,,,,,,,,,,,,,,,,,,,,,,
190,,,,,,,,,,,,,,,,,,,,,,,,,,,
191,,,,,,,,,,,,,,,,,,,,,,,,,,,
192,,,,,,,,,,,,,,,,,,,,,,,,,,,
193,,,,,,,,,,,,,,,,,,,,,,,,,,,
194,,,,,,,,,,,,,,,,,,,,,,,,,,,
195,,,,,,,,,,,,,,,,,,,,,,,,,,,
196,,,,,,,,,,,,,,,,,,,,,,,,,,,
197,,,,,,,,,,,,,,,,,,,,,,,,,,,
198,,,,,,,,,,,,,,,,,,,,,,,,,,,
199,,,,,,,,,,,,,,,,,,,,,,,,,,,
200,,,,,,,,,,,,,,,,,,,,,,,,,,,
201,,,,,,,,,,,,,,,,,,,,,,,,,,,
202,,,,,,,,,,,,,,,,,,,,,,,,,,,
203,,,,,,,,,,,,,,,,,,,,,,,,,,,
204,,,,,,,,,,,,,,,,,,,,,,,,,,,
205,,,,,,,,,,,,,,,,,,,,,,,,,,,
206,,,,,,,,,,,,,,,,,,,,,,,,,,,
207,,,,,,,,,,,,,,,,,,,,,,,,,,,
208,,,,,,,,,,,,,,,,,,,,,,,,,,,
209,,,,,,,,,,,,,,,,,,,,,,,,,,,
210,,,,,,,,,,,,,,,,,,,,,,,,,,,
211,,,,,,,,,,,,,,,,,,,,,,,,,,,
212,,,,,,,,,,,,,,,,,,,,,,,,,,,
213,,,,,,,,,,,,,,,,,,,,,,,,,,,
214,,,,,,,,,,,,,,,,,,,,,,,,,,,
215,,,,,,,,,,,,,,,,,,,,,,,,,,,
216,,,,,,,,,,,,,,,,,,,,,,,,,,,
217,,,,,,,,,,,,,,,,,,,,,,,,,,,
218,,,,,,,,,,,,,,,,,,,,,,,,,,,
219,,,,,,,,,,,,,,,,,,,,,,,,,,,
220,,,,,,,,,,,,,,,,,,,,,,,,,,,
221,,,,,,,,,,,,,,,,,,,,,,,,,,,
222,,,,,,,,,,,,,,,,,,,,,,,,,,,
223,,,,,,,,,,,,,,,,,,,,,,,,,,,
224,,,,,,,,,,,,,,,,,,,,,,,,,,,
225,,,,,,,,,,,,,,,,,,,,,,,,,,,
226,,,,,,,,,,,,,,,,,,,,,,,,,,,
227,,,,,,,,,,,,,,,,,,,,,,,,,,,
228,,,,,,,,,,,,,,,,,,,,,,,,,,,
229,,,,,,,,,,,,,,,,,,,,,,,,,,,
230,,,,,,,,,,,,,,,,,,,,,,,,,,,
231,,,,,,,,,,,,,,,,,,,,,,,,,,,
232,,,,,,,,,,,,,,,,,,,,,,,,,,,
233,,,,,,,,,,,,,,,,,,,,,,,,,,,
234,,,,,,,,,,,,,,,,,,,,,,,,,,,
235,,,,,,,,,,,,,,,,,,,,,,,,,,,
236,,,,,,,,,,,,,,,,,,,,,,,,,,,
237,,,,,,,,,,,,,,,,,,,,,,,,,,,
238,,,,,,,,,,,,,,,,,,,,,,,,,,,
239,,,,,,,,,,,,,,,,,,,,,,,,,,,
240,,,,,,,,,,,,,,,,,,,,,,,,,,,
241,,,,,,,,,,,,,,,,,,,,,,,,,,,
242,,,,,,,,,,,,,,,,,,,,,,,,,,,
243,,,,,,,,,,,,,,,,,,,,,,,,,,,
244,,,,,,,,,,,,,,,,,,,,,,,,,,,
245,,,,,,,,,,,,,,,,,,,,,,,,,,,
246,,,,,,,,,,,,,,,,,,,,,,,,,,,
247,,,,,,,,,,,,,,,,,,,,,,,,,,,
248,,,,,,,,,,,,,,,,,,,,,,,,,,,
249,,,,,,,,,,,,,,,,,,,,,,,,,,,
250,,,,,,,,,,,,,,,,,,,,,,,,,,,
,,,,,,,,,,,,,,,,,,,,,,,,,,,
,,,,,,,,,,,,,,,,,,,,,,,,,,,
,,,,,,,,,,,,,,,,,,,,,,,,,,,
,,,,,,,,,,,,,,,,,,,,,,,,,,,
,,,,,,,,,,,,,,,,,,,,,,,,,,,
,,,,,,,,,,,,,,,,,,,,,,,,,,,
,,,,,,,,,,,,,,,,,,,,,,,,,,,
,,,,,,,,,,,,,,,,,,,,,,,,,,,
,,,,,,,,,,,,,,,,,,,,,,,,,,,
,,,,,,,,,,,,,,,,,,,,,,,,,,,
,,,,,,,,,,,,,,,,,,,,,,,,,,,
,,,,,,,,,,,,,,,,,,,,,,,,,,,
,,,,,,,,,,,,,,,,,,,,,,,,,,,
,,,,,,,,,,,,,,,,,,,,,,,,,,,
,,,,,,,,,,,,,,,,,,,,,,,,,,,
,,,,,,,,,,,,,,,,,,,,,,,,,,,
,,,,,,,,,,,,,,,,,,,,,,,,,,,
,,,,,,,,,,,,,,,,,,,,,,,,,,,
,,,,,,,,,,,,,,,,,,,,,,,,,,,
,,,,,,,,,,,,,,,,,,,,,,,,,,,
,,,,,,,,,,,,,,,,,,,,,,,,,,,
,,,,,,,,,,,,,,,,,,,,,,,,,,,
,,,,,,,,,,,,,,,,,,,,,,,,,,,
,,,,,,,,,,,,,,,,,,,,,,,,,,,
,,,,,,,,,,,,,,,,,,,,,,,,,,,
,,,,,,,,,,,,,,,,,,,,,,,,,,,
,,,,,,,,,,,,,,,,,,,,,,,,,,,
,,,,,,,,,,,,,,,,,,,,,,,,,,,
,,,,,,,,,,,,,,,,,,,,,,,,,,,
,,,,,,,,,,,,,,,,,,,,,,,,,,,
,,,,,,,,,,,,,,,,,,,,,,,,,,,
,,,,,,,,,,,,,,,,,,,,,,,,,,,
,,,,,,,,,,,,,,,,,,,,,,,,,,,
,,,,,,,,,,,,,,,,,,,,,,,,,,,
,,,,,,,,,,,,,,,,,,,,,,,,,,,
,,,,,,,,,,,,,,,,,,,,,,,,,,,
,,,,,,,,,,,,,,,,,,,,,,,,,,,
,,,,,,,,,,,,,,,,,,,,,,,,,,,
,,,,,,,,,,,,,,,,,,,,,,,,,,,
,,,,,,,,,,,,,,,,,,,,,,,,,,,
,,,,,,,,,,,,,,,,,,,,,,,,,,,
,,,,,,,,,,,,,,,,,,,,,,,,,,,
,,,,,,,,,,,,,,,,,,,,,,,,,,,
,,,,,,,,,,,,,,,,,,,,,,,,,,,
,,,,,,,,,,,,,,,,,,,,,,,,,,,
,,,,,,,,,,,,,,,,,,,,,,,,,,,
,,,,,,,,,,,,,,,,,,,,,,,,,,,
,,,,,,,,,,,,,,,,,,,,,,,,,,,
,,,,,,,,,,,,,,,,,,,,,,,,,,,
,,,,,,,,,,,,,,,,,,,,,,,,,,,
,,,,,,,,,,,,,,,,,,,,,,,,,,,
,,,,,,,,,,,,,,,,,,,,,,,,,,,
,,,,,,,,,,,,,,,,,,,,,,,,,,,
,,,,,,,,,,,,,,,,,,,,,,,,,,,
,,,,,,,,,,,,,,,,,,,,,,,,,,,
,,,,,,,,,,,,,,,,,,,,,,,,,,,
,,,,,,,,,,,,,,,,,,,,,,,,,,,
,,,,,,,,,,,,,,,,,,,,,,,,,,,
,,,,,,,,,,,,,,,,,,,,,,,,,,,
,,,,,,,,,,,,,,,,,,,,,,,,,,,
,,,,,,,,,,,,,,,,,,,,,,,,,,,
,,,,,,,,,,,,,,,,,,,,,,,,,,,
,,,,,,,,,,,,,,,,,,,,,,,,,,,
,,,,,,,,,,,,,,,,,,,,,,,,,,,
,,,,,,,,,,,,,,,,,,,,,,,,,,,
,,,,,,,,,,,,,,,,,,,,,,,,,,,
,,,,,,,,,,,,,,,,,,,,,,,,,,,
,,,,,,,,,,,,,,,,,,,,,,,,,,,
,,,,,,,,,,,,,,,,,,,,,,,,,,,
,,,,,,,,,,,,,,,,,,,,,,,,,,,
,,,,,,,,,,,,,,,,,,,,,,,,,,,
,,,,,,,,,,,,,,,,,,,,,,,,,,,
,,,,,,,,,,,,,,,,,,,,,,,,,,,
,,,,,,,,,,,,,,,,,,,,,,,,,,,
,,,,,,,,,,,,,,,,,,,,,,,,,,,
,,,,,,,,,,,,,,,,,,,,,,,,,,,
,,,,,,,,,,,,,,,,,,,,,,,,,,,
,,,,,,,,,,,,,,,,,,,,,,,,,,,
,,,,,,,,,,,,,,,,,,,,,,,,,,,
,,,,,,,,,,,,,,,,,,,,,,,,,,,
,,,,,,,,,,,,,,,,,,,,,,,,,,,
,,,,,,,,,,,,,,,,,,,,,,,,,,,
,,,,,,,,,,,,,,,,,,,,,,,,,,,
,,,,,,,,,,,,,,,,,,,,,,,,,,,
,,,,,,,,,,,,,,,,,,,,,,,,,,,
,,,,,,,,,,,,,,,,,,,,,,,,,,,
,,,,,,,,,,,,,,,,,,,,,,,,,,,
,,,,,,,,,,,,,,,,,,,,,,,,,,,
,,,,,,,,,,,,,,,,,,,,,,,,,,,
,,,,,,,,,,,,,,,,,,,,,,,,,,,
,,,,,,,,,,,,,,,,,,,,,,,,,,,
,,,,,,,,,,,,,,,,,,,,,,,,,,,
,,,,,,,,,,,,,,,,,,,,,,,,,,,
,,,,,,,,,,,,,,,,,,,,,,,,,,,
,,,,,,,,,,,,,,,,,,,,,,,,,,,
,,,,,,,,,,,,,,,,,,,,,,,,,,,
,,,,,,,,,,,,,,,,,,,,,,,,,,,
,,,,,,,,,,,,,,,,,,,,,,,,,,,
,,,,,,,,,,,,,,,,,,,,,,,,,,,
,,,,,,,,,,,,,,,,,,,,,,,,,,,
,,,,,,,,,,,,,,,,,,,,,,,,,,,
,,,,,,,,,,,,,,,,,,,,,,,,,,,
,,,,,,,,,,,,,,,,,,,,,,,,,,,
,,,,,,,,,,,,,,,,,,,,,,,,,,,
,,,,,,,,,,,,,,,,,,,,,,,,,,,
,,,,,,,,,,,,,,,,,,,,,,,,,,,
,,,,,,,,,,,,,,,,,,,,,,,,,,,
,,,,,,,,,,,,,,,,,,,,,,,,,,,
,,,,,,,,,,,,,,,,,,,,,,,,,,,
,,,,,,,,,,,,,,,,,,,,,,,,,,,
,,,,,,,,,,,,,,,,,,,,,,,,,,,
,,,,,,,,,,,,,,,,,,,,,,,,,,,
,,,,,,,,,,,,,,,,,,,,,,,,,,,
,,,,,,,,,,,,,,,,,,,,,,,,,,,
,,,,,,,,,,,,,,,,,,,,,,,,,,,
,,,,,,,,,,,,,,,,,,,,,,,,,,,
,,,,,,,,,,,,,,,,,,,,,,,,,,,
,,,,,,,,,,,,,,,,,,,,,,,,,,,
,,,,,,,,,,,,,,,,,,,,,,,,,,,
,,,,,,,,,,,,,,,,,,,,,,,,,,,
,,,,,,,,,,,,,,,,,,,,,,,,,,,
,,,,,,,,,,,,,,,,,,,,,,,,,,,
,,,,,,,,,,,,,,,,,,,,,,,,,,,
,,,,,,,,,,,,,,,,,,,,,,,,,,,
,,,,,,,,,,,,,,,,,,,,,,,,,,,
,,,,,,,,,,,,,,,,,,,,,,,,,,,
,,,,,,,,,,,,,,,,,,,,,,,,,,,
,,,,,,,,,,,,,,,,,,,,,,,,,,,
,,,,,,,,,,,,,,,,,,,,,,,,,,,
,,,,,,,,,,,,,,,,,,,,,,,,,,,
,,,,,,,,,,,,,,,,,,,,,,,,,,,
,,,,,,,,,,,,,,,,,,,,,,,,,,,
,,,,,,,,,,,,,,,,,,,,,,,,,,,
,,,,,,,,,,,,,,,,,,,,,,,,,,,
,,,,,,,,,,,,,,,,,,,,,,,,,,,
,,,,,,,,,,,,,,,,,,,,,,,,,,,
,,,,,,,,,,,,,,,,,,,,,,,,,,,
,,,,,,,,,,,,,,,,,,,,,,,,,,,
,,,,,,,,,,,,,,,,,,,,,,,,,,,
,,,,,,,,,,,,,,,,,,,,,,,,,,,
,,,,,,,,,,,,,,,,,,,,,,,,,,,
,,,,,,,,,,,,,,,,,,,,,,,,,,,
,,,,,,,,,,,,,,,,,,,,,,,,,,,
,,,,,,,,,,,,,,,,,,,,,,,,,,,
,,,,,,,,,,,,,,,,,,,,,,,,,,,
,,,,,,,,,,,,,,,,,,,,,,,,,,,
,,,,,,,,,,,,,,,,,,,,,,,,,,,
,,,,,,,,,,,,,,,,,,,,,,,,,,,
,,,,,,,,,,,,,,,,,,,,,,,,,,,
,,,,,,,,,,,,,,,,,,,,,,,,,,,
,,,,,,,,,,,,,,,,,,,,,,,,,,,
,,,,,,,,,,,,,,,,,,,,,,,,,,,
,,,,,,,,,,,,,,,,,,,,,,,,,,,
,,,,,,,,,,,,,,,,,,,,,,,,,,,
,,,,,,,,,,,,,,,,,,,,,,,,,,,
,,,,,,,,,,,,,,,,,,,,,,,,,,,
,,,,,,,,,,,,,,,,,,,,,,,,,,,
,,,,,,,,,,,,,,,,,,,,,,,,,,,
,,,,,,,,,,,,,,,,,,,,,,,,,,,
,,,,,,,,,,,,,,,,,,,,,,,,,,,
,,,,,,,,,,,,,,,,,,,,,,,,,,,
,,,,,,,,,,,,,,,,,,,,,,,,,,,
,,,,,,,,,,,,,,,,,,,,,,,,,,,
,,,,,,,,,,,,,,,,,,,,,,,,,,,
,,,,,,,,,,,,,,,,,,,,,,,,,,,
,,,,,,,,,,,,,,,,,,,,,,,,,,,
,,,,,,,,,,,,,,,,,,,,,,,,,,,
,,,,,,,,,,,,,,,,,,,,,,,,,,,
,,,,,,,,,,,,,,,,,,,,,,,,,,,
,,,,,,,,,,,,,,,,,,,,,,,,,,,
,,,,,,,,,,,,,,,,,,,,,,,,,,,
,,,,,,,,,,,,,,,,,,,,,,,,,,,
,,,,,,,,,,,,,,,,,,,,,,,,,,,
,,,,,,,,,,,,,,,,,,,,,,,,,,,
,,,,,,,,,,,,,,,,,,,,,,,,,,,
,,,,,,,,,,,,,,,,,,,,,,,,,,,
,,,,,,,,,,,,,,,,,,,,,,,,,,,
,,,,,,,,,,,,,,,,,,,,,,,,,,,
,,,,,,,,,,,,,,,,,,,,,,,,,,,
,,,,,,,,,,,,,,,,,,,,,,,,,,,
,,,,,,,,,,,,,,,,,,,,,,,,,,,
,,,,,,,,,,,,,,,,,,,,,,,,,,,
,,,,,,,,,,,,,,,,,,,,,,,,,,,
,,,,,,,,,,,,,,,,,,,,,,,,,,,
,,,,,,,,,,,,,,,,,,,,,,,,,,,
,,,,,,,,,,,,,,,,,,,,,,,,,,,
,,,,,,,,,,,,,,,,,,,,,,,,,,,
,,,,,,,,,,,,,,,,,,,,,,,,,,,
,,,,,,,,,,,,,,,,,,,,,,,,,,,
,,,,,,,,,,,,,,,,,,,,,,,,,,,
,,,,,,,,,,,,,,,,,,,,,,,,,,,
,,,,,,,,,,,,,,,,,,,,,,,,,,,
,,,,,,,,,,,,,,,,,,,,,,,,,,,
,,,,,,,,,,,,,,,,,,,,,,,,,,,
,,,,,,,,,,,,,,,,,,,,,,,,,,,
,,,,,,,,,,,,,,,,,,,,,,,,,,,
,,,,,,,,,,,,,,,,,,,,,,,,,,,
,,,,,,,,,,,,,,,,,,,,,,,,,,,
,,,,,,,,,,,,,,,,,,,,,,,,,,,
,,,,,,,,,,,,,,,,,,,,,,,,,,,
,,,,,,,,,,,,,,,,,,,,,,,,,,,
,,,,,,,,,,,,,,,,,,,,,,,,,,,
,,,,,,,,,,,,,,,,,,,,,,,,,,,
,,,,,,,,,,,,,,,,,,,,,,,,,,,
,,,,,,,,,,,,,,,,,,,,,,,,,,,
,,,,,,,,,,,,,,,,,,,,,,,,,,,
,,,,,,,,,,,,,,,,,,,,,,,,,,,
,,,,,,,,,,,,,,,,,,,,,,,,,,,
,,,,,,,,,,,,,,,,,,,,,,,,,,,
,,,,,,,,,,,,,,,,,,,,,,,,,,,
,,,,,,,,,,,,,,,,,,,,,,,,,,,
,,,,,,,,,,,,,,,,,,,,,,,,,,,
,,,,,,,,,,,,,,,,,,,,,,,,,,,
,,,,,,,,,,,,,,,,,,,,,,,,,,,
,,,,,,,,,,,,,,,,,,,,,,,,,,,
,,,,,,,,,,,,,,,,,,,,,,,,,,,
,,,,,,,,,,,,,,,,,,,,,,,,,,,
,,,,,,,,,,,,,,,,,,,,,,,,,,,
,,,,,,,,,,,,,,,,,,,,,,,,,,,
,,,,,,,,,,,,,,,,,,,,,,,,,,,
,,,,,,,,,,,,,,,,,,,,,,,,,,,
,,,,,,,,,,,,,,,,,,,,,,,,,,,
,,,,,,,,,,,,,,,,,,,,,,,,,,,
,,,,,,,,,,,,,,,,,,,,,,,,,,,
,,,,,,,,,,,,,,,,,,,,,,,,,,,
,,,,,,,,,,,,,,,,,,,,,,,,,,,
,,,,,,,,,,,,,,,,,,,,,,,,,,,
,,,,,,,,,,,,,,,,,,,,,,,,,,,
,,,,,,,,,,,,,,,,,,,,,,,,,,,
,,,,,,,,,,,,,,,,,,,,,,,,,,,
,,,,,,,,,,,,,,,,,,,,,,,,,,,
,,,,,,,,,,,,,,,,,,,,,,,,,,,
,,,,,,,,,,,,,,,,,,,,,,,,,,,
,,,,,,,,,,,,,,,,,,,,,,,,,,,
,,,,,,,,,,,,,,,,,,,,,,,,,,,
,,,,,,,,,,,,,,,,,,,,,,,,,,,
,,,,,,,,,,,,,,,,,,,,,,,,,,,
,,,,,,,,,,,,,,,,,,,,,,,,,,,
,,,,,,,,,,,,,,,,,,,,,,,,,,,
,,,,,,,,,,,,,,,,,,,,,,,,,,,
,,,,,,,,,,,,,,,,,,,,,,,,,,,
,,,,,,,,,,,,,,,,,,,,,,,,,,,
,,,,,,,,,,,,,,,,,,,,,,,,,,,
,,,,,,,,,,,,,,,,,,,,,,,,,,,
,,,,,,,,,,,,,,,,,,,,,,,,,,,
,,,,,,,,,,,,,,,,,,,,,,,,,,,
,,,,,,,,,,,,,,,,,,,,,,,,,,,
,,,,,,,,,,,,,,,,,,,,,,,,,,,
,,,,,,,,,,,,,,,,,,,,,,,,,,,
,,,,,,,,,,,,,,,,,,,,,,,,,,,
,,,,,,,,,,,,,,,,,,,,,,,,,,,
,,,,,,,,,,,,,,,,,,,,,,,,,,,
,,,,,,,,,,,,,,,,,,,,,,,,,,,
,,,,,,,,,,,,,,,,,,,,,,,,,,,
,,,,,,,,,,,,,,,,,,,,,,,,,,,
,,,,,,,,,,,,,,,,,,,,,,,,,,,
,,,,,,,,,,,,,,,,,,,,,,,,,,,
,,,,,,,,,,,,,,,,,,,,,,,,,,,
,,,,,,,,,,,,,,,,,,,,,,,,,,,
,,,,,,,,,,,,,,,,,,,,,,,,,,,
,,,,,,,,,,,,,,,,,,,,,,,,,,,
,,,,,,,,,,,,,,,,,,,,,,,,,,,
,,,,,,,,,,,,,,,,,,,,,,,,,,,
,,,,,,,,,,,,,,,,,,,,,,,,,,,
,,,,,,,,,,,,,,,,,,,,,,,,,,,
,,,,,,,,,,,,,,,,,,,,,,,,,,,
,,,,,,,,,,,,,,,,,,,,,,,,,,,
,,,,,,,,,,,,,,,,,,,,,,,,,,,
,,,,,,,,,,,,,,,,,,,,,,,,,,,
,,,,,,,,,,,,,,,,,,,,,,,,,,,
,,,,,,,,,,,,,,,,,,,,,,,,,,,
,,,,,,,,,,,,,,,,,,,,,,,,,,,
,,,,,,,,,,,,,,,,,,,,,,,,,,,
,,,,,,,,,,,,,,,,,,,,,,,,,,,
,,,,,,,,,,,,,,,,,,,,,,,,,,,
,,,,,,,,,,,,,,,,,,,,,,,,,,,
,,,,,,,,,,,,,,,,,,,,,,,,,,,
,,,,,,,,,,,,,,,,,,,,,,,,,,,
,,,,,,,,,,,,,,,,,,,,,,,,,,,
,,,,,,,,,,,,,,,,,,,,,,,,,,,
,,,,,,,,,,,,,,,,,,,,,,,,,,,
,,,,,,,,,,,,,,,,,,,,,,,,,,,
,,,,,,,,,,,,,,,,,,,,,,,,,,,
,,,,,,,,,,,,,,,,,,,,,,,,,,,
,,,,,,,,,,,,,,,,,,,,,,,,,,,
,,,,,,,,,,,,,,,,,,,,,,,,,,,
,,,,,,,,,,,,,,,,,,,,,,,,,,,
,,,,,,,,,,,,,,,,,,,,,,,,,,,
,,,,,,,,,,,,,,,,,,,,,,,,,,,
,,,,,,,,,,,,,,,,,,,,,,,,,,,
,,,,,,,,,,,,,,,,,,,,,,,,,,,
,,,,,,,,,,,,,,,,,,,,,,,,,,,
,,,,,,,,,,,,,,,,,,,,,,,,,,,
,,,,,,,,,,,,,,,,,,,,,,,,,,,
,,,,,,,,,,,,,,,,,,,,,,,,,,,
,,,,,,,,,,,,,,,,,,,,,,,,,,,
,,,,,,,,,,,,,,,,,,,,,,,,,,,
,,,,,,,,,,,,,,,,,,,,,,,,,,,
,,,,,,,,,,,,,,,,,,,,,,,,,,,
,,,,,,,,,,,,,,,,,,,,,,,,,,,
,,,,,,,,,,,,,,,,,,,,,,,,,,,
,,,,,,,,,,,,,,,,,,,,,,,,,,,
,,,,,,,,,,,,,,,,,,,,,,,,,,,
,,,,,,,,,,,,,,,,,,,,,,,,,,,
,,,,,,,,,,,,,,,,,,,,,,,,,,,
,,,,,,,,,,,,,,,,,,,,,,,,,,,
,,,,,,,,,,,,,,,,,,,,,,,,,,,
,,,,,,,,,,,,,,,,,,,,,,,,,,,
,,,,,,,,,,,,,,,,,,,,,,,,,,,
,,,,,,,,,,,,,,,,,,,,,,,,,,,
,,,,,,,,,,,,,,,,,,,,,,,,,,,
,,,,,,,,,,,,,,,,,,,,,,,,,,,
,,,,,,,,,,,,,,,,,,,,,,,,,,,
,,,,,,,,,,,,,,,,,,,,,,,,,,,
,,,,,,,,,,,,,,,,,,,,,,,,,,,
,,,,,,,,,,,,,,,,,,,,,,,,,,,
,,,,,,,,,,,,,,,,,,,,,,,,,,,
,,,,,,,,,,,,,,,,,,,,,,,,,,,
,,,,,,,,,,,,,,,,,,,,,,,,,,,
,,,,,,,,,,,,,,,,,,,,,,,,,,,
,,,,,,,,,,,,,,,,,,,,,,,,,,,
,,,,,,,,,,,,,,,,,,,,,,,,,,,
,,,,,,,,,,,,,,,,,,,,,,,,,,,
,,,,,,,,,,,,,,,,,,,,,,,,,,,
,,,,,,,,,,,,,,,,,,,,,,,,,,,
,,,,,,,,,,,,,,,,,,,,,,,,,,,
,,,,,,,,,,,,,,,,,,,,,,,,,,,
,,,,,,,,,,,,,,,,,,,,,,,,,,,
,,,,,,,,,,,,,,,,,,,,,,,,,,,
,,,,,,,,,,,,,,,,,,,,,,,,,,,
,,,,,,,,,,,,,,,,,,,,,,,,,,,
,,,,,,,,,,,,,,,,,,,,,,,,,,,
,,,,,,,,,,,,,,,,,,,,,,,,,,,
,,,,,,,,,,,,,,,,,,,,,,,,,,,
,,,,,,,,,,,,,,,,,,,,,,,,,,,
,,,,,,,,,,,,,,,,,,,,,,,,,,,
,,,,,,,,,,,,,,,,,,,,,,,,,,,
,,,,,,,,,,,,,,,,,,,,,,,,,,,
,,,,,,,,,,,,,,,,,,,,,,,,,,,
,,,,,,,,,,,,,,,,,,,,,,,,,,,
,,,,,,,,,,,,,,,,,,,,,,,,,,,
,,,,,,,,,,,,,,,,,,,,,,,,,,,
,,,,,,,,,,,,,,,,,,,,,,,,,,,
,,,,,,,,,,,,,,,,,,,,,,,,,,,
,,,,,,,,,,,,,,,,,,,,,,,,,,,
,,,,,,,,,,,,,,,,,,,,,,,,,,,
,,,,,,,,,,,,,,,,,,,,,,,,,,,
,,,,,,,,,,,,,,,,,,,,,,,,,,,
,,,,,,,,,,,,,,,,,,,,,,,,,,,
,,,,,,,,,,,,,,,,,,,,,,,,,,,
,,,,,,,,,,,,,,,,,,,,,,,,,,,
,,,,,,,,,,,,,,,,,,,,,,,,,,,
,,,,,,,,,,,,,,,,,,,,,,,,,,,
,,,,,,,,,,,,,,,,,,,,,,,,,,,
,,,,,,,,,,,,,,,,,,,,,,,,,,,
,,,,,,,,,,,,,,,,,,,,,,,,,,,
,,,,,,,,,,,,,,,,,,,,,,,,,,,
,,,,,,,,,,,,,,,,,,,,,,,,,,,
,,,,,,,,,,,,,,,,,,,,,,,,,,,
,,,,,,,,,,,,,,,,,,,,,,,,,,,
,,,,,,,,,,,,,,,,,,,,,,,,,,,
,,,,,,,,,,,,,,,,,,,,,,,,,,,
,,,,,,,,,,,,,,,,,,,,,,,,,,,
,,,,,,,,,,,,,,,,,,,,,,,,,,,
,,,,,,,,,,,,,,,,,,,,,,,,,,,
,,,,,,,,,,,,,,,,,,,,,,,,,,,
,,,,,,,,,,,,,,,,,,,,,,,,,,,
,,,,,,,,,,,,,,,,,,,,,,,,,,,
,,,,,,,,,,,,,,,,,,,,,,,,,,,
,,,,,,,,,,,,,,,,,,,,,,,,,,,
,,,,,,,,,,,,,,,,,,,,,,,,,,,
,,,,,,,,,,,,,,,,,,,,,,,,,,,
,,,,,,,,,,,,,,,,,,,,,,,,,,,
,,,,,,,,,,,,,,,,,,,,,,,,,,,
,,,,,,,,,,,,,,,,,,,,,,,,,,,
,,,,,,,,,,,,,,,,,,,,,,,,,,,
,,,,,,,,,,,,,,,,,,,,,,,,,,,
,,,,,,,,,,,,,,,,,,,,,,,,,,,
,,,,,,,,,,,,,,,,,,,,,,,,,,,
,,,,,,,,,,,,,,,,,,,,,,,,,,,
,,,,,,,,,,,,,,,,,,,,,,,,,,,
,,,,,,,,,,,,,,,,,,,,,,,,,,,
,,,,,,,,,,,,,,,,,,,,,,,,,,,
,,,,,,,,,,,,,,,,,,,,,,,,,,,
,,,,,,,,,,,,,,,,,,,,,,,,,,,
,,,,,,,,,,,,,,,,,,,,,,,,,,,
,,,,,,,,,,,,,,,,,,,,,,,,,,,
,,,,,,,,,,,,,,,,,,,,,,,,,,,
,,,,,,,,,,,,,,,,,,,,,,,,,,,
,,,,,,,,,,,,,,,,,,,,,,,,,,,
,,,,,,,,,,,,,,,,,,,,,,,,,,,
,,,,,,,,,,,,,,,,,,,,,,,,,,,
,,,,,,,,,,,,,,,,,,,,,,,,,,,
,,,,,,,,,,,,,,,,,,,,,,,,,,,
,,,,,,,,,,,,,,,,,,,,,,,,,,,
,,,,,,,,,,,,,,,,,,,,,,,,,,,
,,,,,,,,,,,,,,,,,,,,,,,,,,,
,,,,,,,,,,,,,,,,,,,,,,,,,,,
,,,,,,,,,,,,,,,,,,,,,,,,,,,
,,,,,,,,,,,,,,,,,,,,,,,,,,,
,,,,,,,,,,,,,,,,,,,,,,,,,,,
,,,,,,,,,,,,,,,,,,,,,,,,,,,
,,,,,,,,,,,,,,,,,,,,,,,,,,,
,,,,,,,,,,,,,,,,,,,,,,,,,,,
,,,,,,,,,,,,,,,,,,,,,,,,,,,
,,,,,,,,,,,,,,,,,,,,,,,,,,,
,,,,,,,,,,,,,,,,,,,,,,,,,,,
,,,,,,,,,,,,,,,,,,,,,,,,,,,
,,,,,,,,,,,,,,,,,,,,,,,,,,,
,,,,,,,,,,,,,,,,,,,,,,,,,,,
,,,,,,,,,,,,,,,,,,,,,,,,,,,
,,,,,,,,,,,,,,,,,,,,,,,,,,,
,,,,,,,,,,,,,,,,,,,,,,,,,,,
,,,,,,,,,,,,,,,,,,,,,,,,,,,
,,,,,,,,,,,,,,,,,,,,,,,,,,,
,,,,,,,,,,,,,,,,,,,,,,,,,,,
,,,,,,,,,,,,,,,,,,,,,,,,,,,
,,,,,,,,,,,,,,,,,,,,,,,,,,,
,,,,,,,,,,,,,,,,,,,,,,,,,,,
,,,,,,,,,,,,,,,,,,,,,,,,,,,
,,,,,,,,,,,,,,,,,,,,,,,,,,,
,,,,,,,,,,,,,,,,,,,,,,,,,,,
,,,,,,,,,,,,,,,,,,,,,,,,,,,
,,,,,,,,,,,,,,,,,,,,,,,,,,,
,,,,,,,,,,,,,,,,,,,,,,,,,,,
,,,,,,,,,,,,,,,,,,,,,,,,,,,
,,,,,,,,,,,,,,,,,,,,,,,,,,,
,,,,,,,,,,,,,,,,,,,,,,,,,,,
,,,,,,,,,,,,,,,,,,,,,,,,,,,
,,,,,,,,,,,,,,,,,,,,,,,,,,,
,,,,,,,,,,,,,,,,,,,,,,,,,,,
,,,,,,,,,,,,,,,,,,,,,,,,,,,
,,,,,,,,,,,,,,,,,,,,,,,,,,,
,,,,,,,,,,,,,,,,,,,,,,,,,,,
,,,,,,,,,,,,,,,,,,,,,,,,,,,
,,,,,,,,,,,,,,,,,,,,,,,,,,,
,,,,,,,,,,,,,,,,,,,,,,,,,,,
,,,,,,,,,,,,,,,,,,,,,,,,,,,
,,,,,,,,,,,,,,,,,,,,,,,,,,,
,,,,,,,,,,,,,,,,,,,,,,,,,,,
,,,,,,,,,,,,,,,,,,,,,,,,,,,
,,,,,,,,,,,,,,,,,,,,,,,,,,,
,,,,,,,,,,,,,,,,,,,,,,,,,,,
,,,,,,,,,,,,T6,,,,,,,,,,,,,,,
